Source,Title,Year,Country,Link
LimeSurvey v2,Strategy for Augmenting Intelligence Using Machines AIM,2019,United States,https://www.dni.gov/files/ODNI/documents/AIM-Strategy.pdf
LimeSurvey v2,TRIBUNALE ORDINARIO di BOLOGNA: Sezione Lavoro,2022,Italy,https://www.bollettinoadapt.it/wp-content/uploads/2021/01/Ordinanza-Bologna.pdf
LimeSurvey v2,BOLETÍN OFICIAL DEL ESTADO,2023,Spain,https://www.boe.es/boe/dias/2023/06/03/pdfs/BOE-A-2023-13313.pdf
LimeSurvey v2,US Air Force AI Annex to the Department of Defense AI Strategy,2019,United States,https://www.af.mil/Portals/1/documents/5/USAF-AI-Annex-to-DoD-AI-Strategy.pdf
LimeSurvey v2,Australias Artificial Intelligence Action Plan,2021,Australia,https://wp.oecd.ai/app/uploads/2021/12/Australia_AI_Action_Plan_2021.pdf
LimeSurvey v2,Office of National Higher Education Science Research and Innovation Policy Council,2020,Thailand,https://waa.inter.nstda.or.th/stks/pub/2020/20200717-conference-ethics.pdf
LimeSurvey v2,National Strategy for Critical and Emerging Technologies,2020,United States,https://trumpwhitehouse.archives.gov/wp-content/uploads/2020/10/National-Strategy-for-CET.pdf
LimeSurvey v2,White House Summit on AI in Government,2019,United States,https://trumpwhitehouse.archives.gov/wp-content/uploads/2019/09/Summary-of-White-House-Summit-on-AI-in-Government-September-2019.pdf
LimeSurvey v2,White House Summit on AI for American Industry,2022,United States,https://trumpwhitehouse.archives.gov/wp-content/uploads/2018/05/Summary-Report-of-White-House-AI-Summit.pdf
LimeSurvey v2,Knowledge and Innovation Agenda,2021,Netherlands,https://topsectoragrifood.nl/wp-content/uploads/2018/04/Kennis-en-innovatieagenda-EN.pdf
LimeSurvey v2,Spanish RDI Strategy In Artificial Intelligence,2021,Spain,https://www.ciencia.gob.es/dam/jcr:5af98ba2-166c-4e63-9380-4f3f68db198e/Estrategia_Inteligencia_Artificial_IDI.pdf
LimeSurvey v2,Data Protection Ombudsman Fines Kymen Vesi Oy,2022,Finland,https://tietosuoja.fi/documents/6927448/22406974/Ty%C3%B6ntekij%C3%B6iden+sijaintitietojen+k%C3%A4sittely+ja+vaikutustenarviointi.pdf/2d04e545-d427-8a0d-3f4d-967de7b428ac/Ty%C3%B6ntekij%C3%B6iden+sijaintitietojen+k%C3%A4sittely+ja+vaikutustenarviointi.pdf
LimeSurvey v2,2020 Federal Data Strategy Action Plan,2022,United States,https://strategy.data.gov/assets/docs/2020-federal-data-strategy-action-plan.pdf
LimeSurvey v2,ARTIFICIAL INTELLIGENCE FOR SOCIAL GOOD IN LATIN AMERICA AND THE CARIBBEAN: The Regional Landscape and 12 Country Snapshots,2021,Argentina,https://publications.iadb.org/publications/english/document/Artificial-Intelligence-for-Social-Good-in-Latin-America-and-the-Caribbean-The-Regional-Landscape-and-12-Country-Snapshots.pdf
LimeSurvey v2,Global Partnership on AI,2023,Serbia,https://prosveta.gov.rs/wp-content/uploads/2021/12/akcioni-plan-strategija-vestacke-inteligencije.pdf
LimeSurvey v2,Public tender for the technical work to be performed within the programme,2023,Spain,https://portal.mineco.gob.es/RecursosNoticia/mineco/prensa/noticias/2022/20221213_plan_algoritmos_verdes.pdf
LimeSurvey v2,Mauritius AI Council,2022,Mauritius,https://ncb.govmu.org/ncb/strategicplans/MauritiusAIStrategy2018.pdf
LimeSurvey v2,POLÍTICA NACIONAL DE INTELIGENCIA ARTIFICIAL,2019,Chile,https://minciencia.gob.cl/uploads/filer_public/bc/38/bc389daf-4514-4306-867c-760ae7686e2c/documento_politica_ia_digital_.pdf
LimeSurvey v2,Egypts National AI Strategy,2021,Egypt,https://mcit.gov.eg/Upcont/Documents/Publications_672021000_Egypt-National-AI-Strategy-English.pdf
LimeSurvey v2,Action Plan,2022,Turkey,https://inhak.adalet.gov.tr/Resimler/SayfaDokuman/1262021081047Action_Plan_On_Human_Rights.pdf
LimeSurvey v2,Kenyas Digital Economy Strategy,2021,Kenya,https://ict.go.ke/wp-content/uploads/2020/08/10TH-JULY-FINAL-COPY-DIGITAL-ECONOMY-STRATEGY-DRAFT-ONE.pdf
LimeSurvey v2,Federal Data Strategy,2022,United States,https://strategy.data.gov/assets/docs/2020-federal-data-strategy-framework.pdf
LimeSurvey v2,National Initiative for Secured Intelligent Systems,2022,Israel,https://icrc.tau.ac.il/sites/cyberstudies-english.tau.ac.il/files/media_server/cyber%20center/The%20National%20Initiative_eng%202021_digital.pdf
LimeSurvey v2,National AI Initiative Act of 2020,2021,United States,https://www.congress.gov/116/crpt/hrpt617/CRPT-116hrpt617.pdf#page=1210
LimeSurvey v2,A legal framework for artificial intelligence,2022,Switzerland,https://www.dsi.uzh.ch/dam/jcr:3a0cb402-c3b3-4360-9332-f800895fdc58/dsi-strategy-lab-21-de.pdf
LimeSurvey v2,Governing Innovation,2021,Japan,https://www.meti.go.jp/press/2020/07/20200713001/20200713001-2.pdf
LimeSurvey v2,Governance Innovation ver2 A Guide to Designing and Implementing Agile Governance,2021,Japan,https://www.meti.go.jp/english/press/2021/pdf/0219_004a.pdf
LimeSurvey v2,Strategy for the Development of Artificial Intelligence in the Republic of Serbia for the period 2020-2025,2022,Serbia,https://www.media.srbija.gov.rs/medsrp/dokumenti/strategy_artificial_intelligence.pdf
LimeSurvey v2,Artificial Intelligence Strategy of the German Federal Government,2019,Germany,https://www.ki-strategie-deutschland.de/files/downloads/Fortschreibung_KI-Strategie_engl.pdf
LimeSurvey v2,Artificial Intelligence Strategic Programme 2022 2024,2021,Italy,https://www.mise.gov.it/images/stories/documenti/Strategia-Nazionale-Intelligenza-Artificiale-Bozza-Consultazione.pdf
LimeSurvey v2,Portugals National Strategy for Artificial Intelligence,2019,Portugal,https://www.incode2030.gov.pt/en/wp-content/uploads/2022/01/julho_incode_brochura.pdf
LimeSurvey v2,Plan for Federal Engagement in Developing Technical Standards and Related Tools,2019,United States,https://www.nist.gov/system/files/documents/2019/08/10/ai_standards_fedengagement_plan_9aug2019.pdf
LimeSurvey v2,Addition of Software Specially Designed To Automate the Analysis of Geospatial Imagery to the Export Control Classification Number 0Y521 Series,2021,United States,https://www.govinfo.gov/content/pkg/FR-2020-01-06/pdf/2019-27649.pdf
LimeSurvey v2,National Institute of Standards and Technology Principles for Explainable AI,2021,United States,https://www.nist.gov/system/files/documents/2020/08/17/NIST%20Explainable%20AI%20Draft%20NISTIR8312%20%281%29.pdf
LimeSurvey v2,AI and Society,2022,United States,https://www.nsf.gov/pubs/2019/nsf19018/nsf19018.pdf
LimeSurvey v2,National Defense Authorization Act for Fiscal Year 2021,2022,United States,https://www.govinfo.gov/content/pkg/BILLS-116hr6395enr/pdf/BILLS-116hr6395enr.pdf
LimeSurvey v2,NITRD NAIIO Supplement to the Presidents FY2022 Budget,2021,United States,https://www.nitrd.gov/pubs/FY2022-NITRD-NAIIO-Supplement.pdf
LimeSurvey v2,National AI RD Strategic Plan 2019 Update,2019,United States,https://www.nitrd.gov/pubs/National-AI-RD-Strategy-2019.pdf
LimeSurvey v2,National AI RD Strategic Plan,2022,United States,https://www.nitrd.gov/pubs/national_ai_rd_strategic_plan.pdf
LimeSurvey v2,PROJECTS OF SCIENTIFIC RESEARCH AND TECHNOLOGICAL DEVELOPMENT IN DATA SCIENCE AND ARTIFICIAL INTELLIGENCE IN PUBLIC ADMINISTRATION,2023,Portugal,https://www.fct.pt/wp-content/uploads/2022/06/Brochura_ResearchinDataScienceandAIappliedtoPA.pdf
LimeSurvey v2,National Landcover mapping project,2021,Ireland,https://www.npws.ie/sites/default/files/general/NLCHM%20Newsletter%20May%202017.pdf
LimeSurvey v2,Fairness Ethics Accountability and Transparency,2022,United States,https://www.nsf.gov/pubs/2019/nsf19016/nsf19016.pdf
LimeSurvey v2,Assessment of current initiatives of the European Commission on better regulation,2022,European Union,https://www.europarl.europa.eu/RegData/etudes/IDAN/2022/734766/IPOL_IDA(2022)734766_EN.pdf
LimeSurvey v2,Ministry of Digital Economy and Society,2020,Thailand,https://www.etda.or.th/getattachment/9d370f25-f37a-4b7c-b661-48d2d730651d/Digital-Thailand-AI-Ethics-Principle-and-Guideline.pdf.aspx?lang=th-TH
LimeSurvey v2,Federal 5 Year STEM Education Strategic Plan,2019,United States,https://www.energy.gov/sites/default/files/2019/05/f62/STEM-Education-Strategic-Plan-2018.pdf
LimeSurvey v2,NITRD Supplement to the Presidents FY2020 Budget,2022,United States,https://www.nitrd.gov/pubs/FY2020-NITRD-Supplement.pdf
LimeSurvey v2,Emerging Technologies Handboo,2021,Colombia,https://gobiernodigital.mintic.gov.co/692/articles-160829_Guia_Tecnologias_Emergentes.pdf
LimeSurvey v2,FRVT Demographic Effects,2021,United States,https://nvlpubs.nist.gov/nistpubs/ir/2019/NIST.IR.8280.pdf
LimeSurvey v2,"Artificial intelligence: Human rights, social justice and development",2021,Argentina,https://giswatch.org/sites/default/files/gisw2019_artificial_intelligence.pdf
LimeSurvey v2,Public Consultation for the National AI Strategy for Ireland,2021,Ireland,https://enterprise.gov.ie/en/Consultations/Consultations-files/AI-Strategy-Public-Consultation-Report.pdf
LimeSurvey v2,12th National Economic and Social Development Plan,2019,Thailand,https://www.oneplanetnetwork.org/sites/default/files/thailand_national_economic_and_social_development_plan_nesdp.pdf
LimeSurvey v2,NATIONAL ENTREPRENEURSHIP POLICY CONPES 4011,2021,Colombia,https://colaboracion.dnp.gov.co/CDT/Conpes/Económicos/4011.pdf
LimeSurvey v2,POLÍTICA NACIONAL PARA LA TRANSFORMACIÓN DIGITAL E INTELIGENCIA ARTIFICIAL,2021,Colombia,https://colaboracion.dnp.gov.co/CDT/Conpes/Económicos/3975.pdf
LimeSurvey v2,Pan Canadian Artificial Intelligence Strategy,2019,Canada,https://cifar.ca/wp-content/uploads/2020/11/AICan-2020-CIFAR-Pan-Canadian-AI-Strategy-Impact-Report.pdf
LimeSurvey v2,National Center for Innovation and AI,2021,Peru,https://cdn.www.gob.pe/uploads/document/file/1909267/National%20Artificial%20Intelligence%20Strategy%20-%20Peru.pdf
LimeSurvey v2,National Artificial Ingelligence strategy 2021-2025,2022,Turkey,https://cbddo.gov.tr/SharedFolderServer/Genel/File/TRNationalAIStrategy2021-2025.pdf
LimeSurvey v2,AI in Financial Services,2021,United Kingdom,https://www.turing.ac.uk/sites/default/files/2021-06/ati_ai_in_financial_services_lores.pdf
LimeSurvey v2,Good Practice Recommendations to Integrate Ethics in the Development of AI Solutions in Healthcare,2022,France,https://esante.gouv.fr/sites/default/files/media_entity/documents/ethic_by_design_guide_vf.pdf
LimeSurvey v2,AI Ecosystem Survey,2021,United Kingdom,https://www.turing.ac.uk/sites/default/files/2021-09/ai-strategy-survey_results_020921.pdf
LimeSurvey v2,US Patent and Trademark Office Report on Public Views on AI and Intellectual Property Policy,2020,United States,https://www.uspto.gov/sites/default/files/documents/USPTO_AI-Report_2020-10-07.pdf
LimeSurvey v2,Guidance for Regulation of AI Applications,2020,United States,https://www.whitehouse.gov/wp-content/uploads/2020/11/M-21-06.pdf
LimeSurvey v2,PhD Scholarship,2022,Turkey,https://www.yok.gov.tr/Documents/Yayinlar/Yayinlarimiz/2020/100-2000-yok-doktora-projesi-2020.pdf
LimeSurvey v2,UAE National Strategy for AI 2031,2019,United Arab Emirates,https://ai.gov.ae/wp-content/uploads/2021/07/UAE-National-Strategy-for-Artificial-Intelligence-2031.pdf
LimeSurvey v2,Human-Centred Artificial Intelligence for Human Resources: A Toolkit for Human Resources Professionals,2022,Turkey,https://www3.weforum.org/docs/WEF_Human_Centred_Artificial_Intelligence_for_Human_Resources_2021.pdf
LimeSurvey v2,Decree No 2007 3003 of November 27 2007 setting the operating procedures of the national body for the protection of personal data,2022,Tunisia,http://www.inpdp.tn/ressources/decret_3003.pdf
LimeSurvey v2,Amendments to the Polish Labour Code,2022,Poland,http://ilo.org/dyn/natlex/docs/ELECTRONIC/45181/91758/F1623906595/The-Labour-Code%20consolidated%201997.pdf
LimeSurvey v2,Satellite Platform for Ireland SPEir,2021,Ireland,http://eoscience.esa.int/landtraining2018/files/posters/hanafin.pdf
LimeSurvey v2,Common Regulatory Capacity for AI,2022,European Union,https://www.turing.ac.uk/sites/default/files/2022-07/common_regulatory_capacity_for_ai_the_alan_turing_institute.pdf
LimeSurvey v2,Digital Switzerland Strategy,2019,Switzerland,https://ethicsandtechnology.org/wp-content/uploads/2019/12/bericht_idag_ki_d.pdf
LimeSurvey v2,AGILE GOVERNANCE UPDATE How Governments Businesses and Civil Society Can Create a Better World by Reimagining Governance,2022,Japan,https://www.meti.go.jp/shingikai/mono_info_service/governance_model_kento/pdf/20220808_2.pdf
LimeSurvey v2,Policy on the Compliance Assistance Sandbox,2022,United States,https://files.consumerfinance.gov/f/documents/cfpb_final-policy-on-cas.pdf
LimeSurvey v2,Policy on No Action Letters,2019,United States,https://files.consumerfinance.gov/f/documents/cfpb_final-policy-on-no-action-letters.pdf
LimeSurvey v2,Policy to Encourage Trial Disclosure Programs,2022,United States,https://files.consumerfinance.gov/f/documents/cfpb_final-policy-to-encourage-tdp.pdf
OECD iLibrary,Opportunities and drawbacks of using artificial intelligence for training,2021,OECD,https://www.oecd-ilibrary.org/deliver/22729bd6-en.pdf?itemId=%2Fcontent%2Fpaper%2F22729bd6-en&mimeType=pdf
OECD iLibrary,"Who develops AI-related innovations, goods and services? : A firm-level analysis",2021,OECD,https://www.oecd-ilibrary.org/deliver/3e4aedd4-en.pdf?itemId=%2Fcontent%2Fpaper%2F3e4aedd4-en&mimeType=pdf
OECD iLibrary,Nowcasting aggregate services trade,2021,OECD,https://www.oecd-ilibrary.org/deliver/0ad7d27c-en.pdf?itemId=%2Fcontent%2Fpaper%2F0ad7d27c-en&mimeType=pdf
OECD iLibrary,OECD Employment Outlook 2023 : Artificial Intelligence and the Labour Market,2023,OECD,https://www.oecd-ilibrary.org/deliver/08785bba-en.pdf?itemId=%2Fcontent%2Fpublication%2F08785bba-en&mimeType=pdf
OECD iLibrary,Know thy AI: Assessing the risks of artificial intelligence,2022,OECD,https://www.oecd-ilibrary.org/deliver/067f4cff-en.pdf?itemId=%2Fcontent%2Fmultimedia%2F067f4cff-en&mimeType=pdf
OECD iLibrary,"Positive, High-achieving Students? : What Schools and Teachers Can Do",2021,OECD,https://www.oecd-ilibrary.org/deliver/3b9551db-en.pdf?itemId=%2Fcontent%2Fpublication%2F3b9551db-en&mimeType=pdf
OECD iLibrary,"PENELOPE 2018: A code system for Monte Carlo simulation of electron and photon transport : Workshop Proceedings, Barcelona, Spain, 28 January – 1 February 2019",2019,OECD,https://www.oecd-ilibrary.org/deliver/32da5043-en.pdf?itemId=%2Fcontent%2Fpublication%2F32da5043-en&mimeType=pdf
OECD iLibrary,Measuring the AI content of government-funded R&D projects : A proof of concept for the OECD Fundstat initiative,2021,OECD,https://www.oecd-ilibrary.org/deliver/7b43b038-en.pdf?itemId=%2Fcontent%2Fpaper%2F7b43b038-en&mimeType=pdf
OECD iLibrary,Is digital media literacy the answer to our disinformation woes?,2022,OECD,https://www.oecd-ilibrary.org/deliver/326b63bf-en.pdf?itemId=%2Fcontent%2Fmultimedia%2F326b63bf-en&mimeType=pdf
OECD iLibrary,The human capital behind AI : Jobs and skills demand from online job postings,2021,OECD,https://www.oecd-ilibrary.org/deliver/2e278150-en.pdf?itemId=%2Fcontent%2Fpaper%2F2e278150-en&mimeType=pdf
OECD iLibrary,Measuring the environmental impacts of artificial intelligence compute and applications : The AI footprint,2022,OECD,https://www.oecd-ilibrary.org/deliver/7babf571-en.pdf?itemId=%2Fcontent%2Fpaper%2F7babf571-en&mimeType=pdf
OECD iLibrary,Improving reproducibility of artificial intelligence research to increase trust and productivity,2023,OECD,https://www.oecd-ilibrary.org/improving-reproducibility-of-artificial-intelligence-research-to-increase-trust-and-productivity_3f57323a-en.pdf?itemId=%2Fcontent%2Fcomponent%2F3f57323a-en&mimeType=pdf
OECD iLibrary,The impact of Artificial Intelligence on the labour market : What do we know so far?,2021,OECD,https://www.oecd-ilibrary.org/deliver/7c895724-en.pdf?itemId=%2Fcontent%2Fpaper%2F7c895724-en&mimeType=pdf
OECD iLibrary,Nowcasting trade in value added indicators,2023,OECD,https://www.oecd-ilibrary.org/deliver/00f8aff7-en.pdf?itemId=%2Fcontent%2Fpaper%2F00f8aff7-en&mimeType=pdf
OECD iLibrary,"Artificial intelligence companies, goods and services : A trademark-based analysis",2021,OECD,https://www.oecd-ilibrary.org/deliver/2db2d7f4-en.pdf?itemId=%2Fcontent%2Fpaper%2F2db2d7f4-en&mimeType=pdf
OECD iLibrary,Putting AI to the test : How does the performance of GPT and 15-year-old students in PISA compare?,2023,OECD,https://www.oecd-ilibrary.org/deliver/2c297e0b-en.pdf?itemId=%2Fcontent%2Fpaper%2F2c297e0b-en&mimeType=pdf
OECD iLibrary,"Artificial intelligence, its diffusion and uses in manufacturing",2021,OECD,https://www.oecd-ilibrary.org/deliver/249e2003-en.pdf?itemId=%2Fcontent%2Fpaper%2F249e2003-en&mimeType=pdf
OECD iLibrary,"Why are some U.S. cities successful, while others are not? Empirical evidence from machine learning",2020,OECD,https://www.oecd-ilibrary.org/deliver/7f77c2e7-en.pdf?itemId=%2Fcontent%2Fpaper%2F7f77c2e7-en&mimeType=pdf
OECD iLibrary,Open science - Enabling discovery in the digital age,2021,OECD,https://www.oecd-ilibrary.org/deliver/81a9dcf0-en.pdf?itemId=%2Fcontent%2Fpaper%2F81a9dcf0-en&mimeType=pdf
OECD iLibrary,Using Artificial Intelligence in the workplace : What are the main ethical risks?,2022,OECD,https://www.oecd-ilibrary.org/deliver/840a2d9f-en.pdf?itemId=%2Fcontent%2Fpaper%2F840a2d9f-en&mimeType=pdf
OECD iLibrary,Enhancing Access to and Sharing of Data : Reconciling Risks and Benefits for Data Re-use across Societies,2019,OECD,https://www.oecd-ilibrary.org/deliver/276aaca8-en.pdf?itemId=%2Fcontent%2Fpublication%2F276aaca8-en&mimeType=pdf
OECD iLibrary,Artificial intelligence and labour market matching,2023,OECD,https://www.oecd-ilibrary.org/deliver/2b440821-en.pdf?itemId=%2Fcontent%2Fpaper%2F2b440821-en&mimeType=pdf
OECD iLibrary,A blueprint for building national compute capacity for artificial intelligence,2023,OECD,https://www.oecd-ilibrary.org/deliver/876367e3-en.pdf?itemId=%2Fcontent%2Fpaper%2F876367e3-en&mimeType=pdf
OECD iLibrary,New Directions for Data-Driven Transport Safety,2019,OECD,https://www.oecd-ilibrary.org/deliver/2b2f71bc-en.pdf?itemId=%2Fcontent%2Fpaper%2F2b2f71bc-en&mimeType=pdf
OECD iLibrary,What role will artificial intelligence (AI) play in the classroom?,2020,OECD,https://www.oecd-ilibrary.org/deliver/2980fe96-en.pdf?itemId=%2Fcontent%2Fmultimedia%2F2980fe96-en&mimeType=pdf
OECD iLibrary,Tools for trustworthy AI : A framework to compare implementation tools for trustworthy AI systems,2021,OECD,https://www.oecd-ilibrary.org/deliver/008232ec-en.pdf?itemId=%2Fcontent%2Fpaper%2F008232ec-en&mimeType=pdf
OECD iLibrary,Artificial Intelligence in Proactive Road Infrastructure Safety Management : Summary and Conclusions,2021,OECD,https://www.oecd-ilibrary.org/deliver/04509d3f-en.pdf?itemId=%2Fcontent%2Fpublication%2F04509d3f-en&mimeType=pdf
OECD iLibrary,Demand for AI skills in jobs : Evidence from online job postings,2021,OECD,https://www.oecd-ilibrary.org/deliver/3ed32d94-en.pdf?itemId=%2Fcontent%2Fpaper%2F3ed32d94-en&mimeType=pdf
OECD iLibrary,Is Education Losing the Race with Technology? : AI's Progress in Maths and Reading,2023,OECD,https://www.oecd-ilibrary.org/deliver/73105f99-en.pdf?itemId=%2Fcontent%2Fpublication%2F73105f99-en&mimeType=pdf
OECD iLibrary,AI measurement in ICT usage surveys : A review,2021,OECD,https://www.oecd-ilibrary.org/deliver/72cce754-en.pdf?itemId=%2Fcontent%2Fpaper%2F72cce754-en&mimeType=pdf
OECD iLibrary,The impact of AI on the workplace: Evidence from OECD case studies of AI implementation,2023,OECD,https://www.oecd-ilibrary.org/deliver/2247ce58-en.pdf?itemId=%2Fcontent%2Fpaper%2F2247ce58-en&mimeType=pdf
OECD iLibrary,Identifying artificial intelligence actors using online data,2023,OECD,https://www.oecd-ilibrary.org/deliver/1f5307e7-en.pdf?itemId=%2Fcontent%2Fpaper%2F1f5307e7-en&mimeType=pdf
OECD iLibrary,Adaptive Trees: a new approach to economic forecasting,2020,OECD,https://www.oecd-ilibrary.org/deliver/5569a0aa-en.pdf?itemId=%2Fcontent%2Fpaper%2F5569a0aa-en&mimeType=pdf
OECD iLibrary,Developing Minds in the Digital Age : Towards a Science of Learning for 21st Century Education,2019,OECD,https://www.oecd-ilibrary.org/deliver/562a8659-en.pdf?itemId=%2Fcontent%2Fpublication%2F562a8659-en&mimeType=pdf
OECD iLibrary,"OECD Digital Education Outlook 2021 : Pushing the Frontiers with Artificial Intelligence, Blockchain and Robots",2021,OECD,https://www.oecd-ilibrary.org/deliver/589b283f-en.pdf?itemId=%2Fcontent%2Fpublication%2F589b283f-en&mimeType=pdf
OECD iLibrary,How will technology and artificial intelligence (AI) affect education?,2019,OECD,https://www.oecd-ilibrary.org/deliver/58d1112a-en.pdf?itemId=%2Fcontent%2Fmultimedia%2F58d1112a-en&mimeType=pdf
OECD iLibrary,Defining and classifying AI in the workplace,2023,OECD,https://www.oecd-ilibrary.org/deliver/59e89d7f-en.pdf?itemId=%2Fcontent%2Fpaper%2F59e89d7f-en&mimeType=pdf
OECD iLibrary,Linking Aid to the Sustainable Development Goals – a machine learning approach,2019,OECD,https://www.oecd-ilibrary.org/deliver/4bdaeb8c-en.pdf?itemId=%2Fcontent%2Fpaper%2F4bdaeb8c-en&mimeType=pdf
OECD iLibrary,Laying the foundations for artificial intelligence in health,2021,OECD,https://www.oecd-ilibrary.org/deliver/3f62817d-en.pdf?itemId=%2Fcontent%2Fpaper%2F3f62817d-en&mimeType=pdf
OECD iLibrary,"AI and the Future of Skills, Volume 1 : Capabilities and Assessments",2021,OECD,https://www.oecd-ilibrary.org/deliver/5ee71f34-en.pdf?itemId=%2Fcontent%2Fpublication%2F5ee71f34-en&mimeType=pdf
OECD iLibrary,Regulatory sandboxes in artificial intelligence,2023,OECD,https://www.oecd-ilibrary.org/deliver/8f80a0e6-en.pdf?itemId=%2Fcontent%2Fpaper%2F8f80a0e6-en&mimeType=pdf
OECD iLibrary,The Strategic and Responsible Use of Artificial Intelligence in the Public Sector of Latin America and the Caribbean,2022,OECD,https://www.oecd-ilibrary.org/deliver/1f334543-en.pdf?itemId=%2Fcontent%2Fpublication%2F1f334543-en&mimeType=pdf
OECD iLibrary,Identifying and measuring developments in artificial intelligence : Making the impossible possible,2020,OECD,https://www.oecd-ilibrary.org/deliver/5f65ff7e-en.pdf?itemId=%2Fcontent%2Fpaper%2F5f65ff7e-en&mimeType=pdf
OECD iLibrary,Progress on implementing and using electronic health record systems : Developments in OECD countries as of 2021,2023,OECD,https://www.oecd-ilibrary.org/deliver/4f4ce846-en.pdf?itemId=%2Fcontent%2Fpaper%2F4f4ce846-en&mimeType=pdf
OECD iLibrary,State of implementation of the OECD AI Principles : Insights from national AI policies,2021,OECD,https://www.oecd-ilibrary.org/deliver/1cd40c44-en.pdf?itemId=%2Fcontent%2Fpaper%2F1cd40c44-en&mimeType=pdf
OECD iLibrary,Advancing accountability in AI : Governing and managing risks throughout the lifecycle for trustworthy AI,2023,OECD,https://www.oecd-ilibrary.org/deliver/2448f04b-en.pdf?itemId=%2Fcontent%2Fpaper%2F2448f04b-en&mimeType=pdf
OECD iLibrary,The digital innovation policy landscape in 2019,2019,OECD,https://www.oecd-ilibrary.org/deliver/6171f649-en.pdf?itemId=%2Fcontent%2Fpaper%2F6171f649-en&mimeType=pdf
OECD iLibrary,Review of national policy initiatives in support of digital and AI-driven innovation,2019,OECD,https://www.oecd-ilibrary.org/deliver/15491174-en.pdf?itemId=%2Fcontent%2Fpaper%2F15491174-en&mimeType=pdf
OECD iLibrary,The Effects of AI on the Working Lives of Women,2022,OECD,https://www.oecd-ilibrary.org/deliver/14e9b92c-en.pdf?itemId=%2Fcontent%2Fpublication%2F14e9b92c-en&mimeType=pdf
OECD iLibrary,The digitalisation of agriculture : A literature review and emerging policy issues,2022,OECD,https://www.oecd-ilibrary.org/deliver/285cc27d-en.pdf?itemId=%2Fcontent%2Fpaper%2F285cc27d-en&mimeType=pdf
OECD iLibrary,Labour and Skills Demand in Alberta : Insights Using Big Data Intelligence,2023,OECD,https://www.oecd-ilibrary.org/deliver/659ce346-en.pdf?itemId=%2Fcontent%2Fpublication%2F659ce346-en&mimeType=pdf
OECD iLibrary,The Artificial Intelligence Act: Addressing the divergence between the public and private sectors,2022,OECD,https://www.oecd-ilibrary.org/deliver/146fa80b-en.pdf?itemId=%2Fcontent%2Fmultimedia%2F146fa80b-en&mimeType=pdf
OECD iLibrary,Tracking activity in real time with Google Trends,2020,OECD,https://www.oecd-ilibrary.org/deliver/6b9c7518-en.pdf?itemId=%2Fcontent%2Fpaper%2F6b9c7518-en&mimeType=pdf
OECD iLibrary,"AI language models : Technological, socio-economic and policy considerations",2023,OECD,https://www.oecd-ilibrary.org/deliver/13d38f92-en.pdf?itemId=%2Fcontent%2Fpaper%2F13d38f92-en&mimeType=pdf
OECD iLibrary,Artificial Intelligence and international trade : Some preliminary implications,2022,OECD,https://www.oecd-ilibrary.org/deliver/13212d3e-en.pdf?itemId=%2Fcontent%2Fpaper%2F13212d3e-en&mimeType=pdf
OECD iLibrary,"G20 Compendium on the Use of Digital Tools for Public Service Continuity : Report for the G20 Digital Economy Tak Force, Trieste, Italy, August 2021",2021,OECD,https://www.oecd-ilibrary.org/deliver/6f800fd5-en.pdf?itemId=%2Fcontent%2Fpublication%2F6f800fd5-en&mimeType=pdf
OECD iLibrary,"A portrait of AI adopters across countries : Firm characteristics, assets’ complementarities and productivity",2023,OECD,https://www.oecd-ilibrary.org/deliver/0fb79bb9-en.pdf?itemId=%2Fcontent%2Fpaper%2F0fb79bb9-en&mimeType=pdf
OECD iLibrary,"Hello, World : Artificial intelligence and its use in the public sector",2019,OECD,https://www.oecd-ilibrary.org/deliver/726fd39d-en.pdf?itemId=%2Fcontent%2Fpaper%2F726fd39d-en&mimeType=pdf
OECD iLibrary,Identifying and characterising AI adopters : A novel approach based on big data,2022,OECD,https://www.oecd-ilibrary.org/deliver/154981d7-en.pdf?itemId=%2Fcontent%2Fpaper%2F154981d7-en&mimeType=pdf
OECD iLibrary,What skills and abilities can automation technologies replicate and what does it mean for workers? : New evidence,2022,OECD,https://www.oecd-ilibrary.org/deliver/646aad77-en.pdf?itemId=%2Fcontent%2Fpaper%2F646aad77-en&mimeType=pdf
OECD iLibrary,Countering Public Grant Fraud in Spain : Machine Learning for Assessing Risks and Targeting Control Activities,2021,OECD,https://www.oecd-ilibrary.org/deliver/0ea22484-en.pdf?itemId=%2Fcontent%2Fpublication%2F0ea22484-en&mimeType=pdf
OECD iLibrary,AI scoring for international large-scale assessments using a deep learning model and multilingual data,2023,OECD,https://www.oecd-ilibrary.org/deliver/9918e1fb-en.pdf?itemId=%2Fcontent%2Fpaper%2F9918e1fb-en&mimeType=pdf
OECD iLibrary,Enabling environment for FinTech innovation in the Czech Republic and EU,2022,OECD,https://www.oecd-ilibrary.org/enabling-environment-for-fintech-innovation-in-the-czech-republic-and-eu_47b4db37-en.pdf?itemId=%2Fcontent%2Fcomponent%2F47b4db37-en&mimeType=pdf
OECD iLibrary,Elicit: Language models as research tools,2023,OECD,https://www.oecd-ilibrary.org/elicit-language-models-as-research-tools_174aee8f-en.pdf?itemId=%2Fcontent%2Fcomponent%2F174aee8f-en&mimeType=pdf
OECD iLibrary,"Efforts to develop a responsible, trustworthy and human-centric approach",2022,OECD,https://www.oecd-ilibrary.org/efforts-to-develop-a-responsible-trustworthy-and-human-centric-approach_96d49021-en.pdf?itemId=%2Fcontent%2Fcomponent%2F96d49021-en&mimeType=pdf
OECD iLibrary,Editorial,2021,OECD,https://www.oecd-ilibrary.org/editorial_b0dd0724-en.pdf?itemId=%2Fcontent%2Fcomponent%2Fb0dd0724-en&mimeType=pdf
OECD iLibrary,Editorial: Beyond the hype on AI – early signs of divides in the labour market,2023,OECD,https://www.oecd-ilibrary.org/editorial-beyond-the-hype-on-ai-early-signs-of-divides-in-the-labour-market_11489d95-en.pdf?itemId=%2Fcontent%2Fcomponent%2F11489d95-en&mimeType=pdf
OECD iLibrary,Editorial: A transition agenda for a Future that Works for all,2019,OECD,https://www.oecd-ilibrary.org/editorial-a-transition-agenda-for-a-future-that-works-for-all_86970c5c-en.pdf?itemId=%2Fcontent%2Fcomponent%2F86970c5c-en&mimeType=pdf
OECD iLibrary,Ensuring trustworthy artificial intelligence in the workplace: Countries’ policy action,2023,OECD,https://www.oecd-ilibrary.org/ensuring-trustworthy-artificial-intelligence-in-the-workplace-countries-policy-action_04b3d08d-en.pdf?itemId=%2Fcontent%2Fcomponent%2F04b3d08d-en&mimeType=pdf
OECD iLibrary,Early warning systems and indicators of dropping out of upper secondary school: the emerging role of digital technologies,2021,OECD,https://www.oecd-ilibrary.org/early-warning-systems-and-indicators-of-dropping-out-of-upper-secondary-school-the-emerging-role-of-digital-technologies_c8e57e15-en.pdf?itemId=%2Fcontent%2Fcomponent%2Fc8e57e15-en&mimeType=pdf
OECD iLibrary,Digitalisation and productivity: A story of complementarities,2019,OECD,https://www.oecd-ilibrary.org/digitalisation-and-productivity-a-story-of-complementarities_5713bd7d-en.pdf?itemId=%2Fcontent%2Fcomponent%2F5713bd7d-en&mimeType=pdf
OECD iLibrary,Digital innovation,2020,OECD,https://www.oecd-ilibrary.org/digital-innovation_8e8f2750-en.pdf?itemId=%2Fcontent%2Fcomponent%2F8e8f2750-en&mimeType=pdf
OECD iLibrary,Digital health,2021,OECD,https://www.oecd-ilibrary.org/digital-health_08cffda7-en.pdf?itemId=%2Fcontent%2Fcomponent%2F08cffda7-en&mimeType=pdf
OECD iLibrary,Digital government strategies and institutional frameworks,2019,OECD,https://www.oecd-ilibrary.org/digital-government-strategies-and-institutional-frameworks_63029fcb-en.pdf?itemId=%2Fcontent%2Fcomponent%2F63029fcb-en&mimeType=pdf
OECD iLibrary,Democratising artificial intelligence to accelerate scientific discovery,2023,OECD,https://www.oecd-ilibrary.org/democratising-artificial-intelligence-to-accelerate-scientific-discovery_be9632d7-en.pdf?itemId=%2Fcontent%2Fcomponent%2Fbe9632d7-en&mimeType=pdf
OECD iLibrary,Initial policy considerations for generative artificial intelligence,2023,OECD,https://www.oecd-ilibrary.org/deliver/fae2d1e6-en.pdf?itemId=%2Fcontent%2Fpaper%2Ffae2d1e6-en&mimeType=pdf
OECD iLibrary,Digitalisation of health information,2023,OECD,https://www.oecd-ilibrary.org/digitalisation-of-health-information_f44731cf-en.pdf?itemId=%2Fcontent%2Fcomponent%2Ff44731cf-en&mimeType=pdf
OECD iLibrary,Venture capital investments in artificial intelligence : Analysing trends in VC in AI companies from 2012 through 2020,2021,OECD,https://www.oecd-ilibrary.org/deliver/f97beae7-en.pdf?itemId=%2Fcontent%2Fpaper%2Ff97beae7-en&mimeType=pdf
OECD iLibrary,Essai n° 471: Essai de mutation réverse sur des bactéries,2020,OECD,https://www.oecd-ilibrary.org/essai-n-471-essai-de-mutation-reverse-sur-des-bacteries_5lmqcr2k7md4.pdf?itemId=%2Fcontent%2Fpublication%2F9789264071254-fr&mimeType=pdf
OECD iLibrary,Evolution of human skills versus AI capabilities,2023,OECD,https://www.oecd-ilibrary.org/evolution-of-human-skills-versus-ai-capabilities_d077ad2f-en.pdf?itemId=%2Fcontent%2Fcomponent%2Fd077ad2f-en&mimeType=pdf
OECD iLibrary,Human rights due diligence through responsible AI,2021,OECD,https://www.oecd-ilibrary.org/human-rights-due-diligence-through-responsible-ai_31e7edcc-en.pdf?itemId=%2Fcontent%2Fcomponent%2F31e7edcc-en&mimeType=pdf
OECD iLibrary,How can artificial intelligence help scientists? A (non-exhaustive) overview,2023,OECD,https://www.oecd-ilibrary.org/how-can-artificial-intelligence-help-scientists-a-non-exhaustive-overview_a8e6c3b6-en.pdf?itemId=%2Fcontent%2Fcomponent%2Fa8e6c3b6-en&mimeType=pdf
OECD iLibrary,"How are science, technology and innovation going digital? The statistical evidence",2020,OECD,https://www.oecd-ilibrary.org/how-are-science-technology-and-innovation-going-digital-the-statistical-evidence_1cfd272a-en.pdf?itemId=%2Fcontent%2Fcomponent%2F1cfd272a-en&mimeType=pdf
OECD iLibrary,High-performance computing leadership to enable advances in artificial intelligence and a thriving compute ecosystem,2023,OECD,https://www.oecd-ilibrary.org/high-performance-computing-leadership-to-enable-advances-in-artificial-intelligence-and-a-thriving-compute-ecosystem_0e1b4c2f-en.pdf?itemId=%2Fcontent%2Fcomponent%2F0e1b4c2f-en&mimeType=pdf
OECD iLibrary,Guidance and regulatory frameworks for digital education,2023,OECD,https://www.oecd-ilibrary.org/guidance-and-regulatory-frameworks-for-digital-education_a0a23dc6-en.pdf?itemId=%2Fcontent%2Fcomponent%2Fa0a23dc6-en&mimeType=pdf
OECD iLibrary,Government investment spending,2019,OECD,https://www.oecd-ilibrary.org/government-investment-spending_b4536bd6-en.pdf?itemId=%2Fcontent%2Fcomponent%2Fb4536bd6-en&mimeType=pdf
OECD iLibrary,Evaluating revolutions in artificial intelligence from a human perspective,2021,OECD,https://www.oecd-ilibrary.org/evaluating-revolutions-in-artificial-intelligence-from-a-human-perspective_004710fe-en.pdf?itemId=%2Fcontent%2Fcomponent%2F004710fe-en&mimeType=pdf
OECD iLibrary,Global mega-trends and the future of education,2019,OECD,https://www.oecd-ilibrary.org/global-mega-trends-and-the-future-of-education_5j3x77mdk442.pdf?itemId=%2Fcontent%2Fcomponent%2Ftrends_edu-2019-3-en&mimeType=pdf
OECD iLibrary,From knowledge discovery to knowledge creation: How can literature-based discovery accelerate progress in science?,2023,OECD,https://www.oecd-ilibrary.org/from-knowledge-discovery-to-knowledge-creation-how-can-literature-based-discovery-accelerate-progress-in-science_de74d7a9-en.pdf?itemId=%2Fcontent%2Fcomponent%2Fde74d7a9-en&mimeType=pdf
OECD iLibrary,Fraud in public grants: Piloting a data-driven risk model in Spain,2021,OECD,https://www.oecd-ilibrary.org/fraud-in-public-grants-piloting-a-data-driven-risk-model-in-spain_55696a8b-en.pdf?itemId=%2Fcontent%2Fcomponent%2F55696a8b-en&mimeType=pdf
OECD iLibrary,Foreword,2022,OECD,https://www.oecd-ilibrary.org/foreword_1d5c6062-en.pdf?itemId=%2Fcontent%2Fcomponent%2F1d5c6062-en&mimeType=pdf
OECD iLibrary,"First-class humans, not second-class robots – Andreas Schleicher on learning and the future of work",2019,OECD,https://www.oecd-ilibrary.org/first-class-humans-not-second-class-robots-andreas-schleicher-on-learning-and-the-future-of-work_87958706-en.pdf?itemId=%2Fcontent%2Fmultimedia%2F87958706-en&mimeType=pdf
OECD iLibrary,Experts’ assessments of AI capabilities in literacy and numeracy,2023,OECD,https://www.oecd-ilibrary.org/experts-assessments-of-ai-capabilities-in-literacy-and-numeracy_134fa8aa-en.pdf?itemId=%2Fcontent%2Fcomponent%2F134fa8aa-en&mimeType=pdf
OECD iLibrary,Executive summary,2019,OECD,https://www.oecd-ilibrary.org/executive-summary_98aef837-en.pdf?itemId=%2Fcontent%2Fcomponent%2F98aef837-en&mimeType=pdf
OECD iLibrary,Frontiers of smart education technology: Opportunities and challenges,2021,OECD,https://www.oecd-ilibrary.org/frontiers-of-smart-education-technology-opportunities-and-challenges_d3153fcd-en.pdf?itemId=%2Fcontent%2Fcomponent%2Fd3153fcd-en&mimeType=pdf
OECD iLibrary,"Data-Driven, Information-Enabled Regulatory Delivery",2021,OECD,https://www.oecd-ilibrary.org/deliver/8f99ec8c-en.pdf?itemId=%2Fcontent%2Fpublication%2F8f99ec8c-en&mimeType=pdf
OECD iLibrary,Harnessing the power of AI and emerging technologies : Background paper for the CDEP Ministerial meeting,2022,OECD,https://www.oecd-ilibrary.org/deliver/f94df8ec-en.pdf?itemId=%2Fcontent%2Fpaper%2Ff94df8ec-en&mimeType=pdf
OECD iLibrary,Artificial Intelligence in Society,2019,OECD,https://www.oecd-ilibrary.org/deliver/eedfee77-en.pdf?itemId=%2Fcontent%2Fpublication%2Feedfee77-en&mimeType=pdf
OECD iLibrary,"Shaping Digital Education : Enabling Factors for Quality, Equity and Efficiency",2023,OECD,https://www.oecd-ilibrary.org/deliver/bac4dc9f-en.pdf?itemId=%2Fcontent%2Fpublication%2Fbac4dc9f-en&mimeType=pdf
OECD iLibrary,OECD Business and Finance Outlook 2021 : AI in Business and Finance,2021,OECD,https://www.oecd-ilibrary.org/deliver/ba682899-en.pdf?itemId=%2Fcontent%2Fpublication%2Fba682899-en&mimeType=pdf
OECD iLibrary,"The Digitalisation of Science, Technology and Innovation : Key Developments and Policies",2020,OECD,https://www.oecd-ilibrary.org/deliver/b9e4a2c0-en.pdf?itemId=%2Fcontent%2Fpublication%2Fb9e4a2c0-en&mimeType=pdf
OECD iLibrary,Disinformation and its discontents,2022,OECD,https://www.oecd-ilibrary.org/deliver/b8856732-en.pdf?itemId=%2Fcontent%2Fmultimedia%2Fb8856732-en&mimeType=pdf
OECD iLibrary,Statistical profiling in public employment services : An international comparison,2019,OECD,https://www.oecd-ilibrary.org/deliver/b5e5f16e-en.pdf?itemId=%2Fcontent%2Fpaper%2Fb5e5f16e-en&mimeType=pdf
OECD iLibrary,Using artificial intelligence to help combat COVID-19,2020,OECD,https://www.oecd-ilibrary.org/deliver/ae4c5c21-en.pdf?itemId=%2Fcontent%2Fpaper%2Fae4c5c21-en&mimeType=pdf
OECD iLibrary,"The supply, demand and characteristics of the AI workforce across OECD countries",2023,OECD,https://www.oecd-ilibrary.org/deliver/bb17314a-en.pdf?itemId=%2Fcontent%2Fpaper%2Fbb17314a-en&mimeType=pdf
OECD iLibrary,Speaking the same language : A machine learning approach to classify skills in Burning Glass Technologies data,2021,OECD,https://www.oecd-ilibrary.org/deliver/adb03746-en.pdf?itemId=%2Fcontent%2Fpaper%2Fadb03746-en&mimeType=pdf
OECD iLibrary,Six questions about the demand for artificial intelligence skills in labour markets,2023,OECD,https://www.oecd-ilibrary.org/deliver/ac1bebf0-en.pdf?itemId=%2Fcontent%2Fpaper%2Fac1bebf0-en&mimeType=pdf
OECD iLibrary,Perspectives de l’emploi de l’OCDE 2023 : Intelligence artificielle et marché du travail,2023,OECD,https://www.oecd-ilibrary.org/deliver/aae5dba0-fr.pdf?itemId=%2Fcontent%2Fpublication%2Faae5dba0-fr&mimeType=pdf
OECD iLibrary,Improving effectiveness of Lithuania’s innovation policy,2021,OECD,https://www.oecd-ilibrary.org/deliver/a8fec2ee-en.pdf?itemId=%2Fcontent%2Fpaper%2Fa8fec2ee-en&mimeType=pdf
OECD iLibrary,"Artificial Intelligence in Science : Challenges, Opportunities and the Future of Research",2023,OECD,https://www.oecd-ilibrary.org/deliver/a8d820bd-en.pdf?itemId=%2Fcontent%2Fpublication%2Fa8d820bd-en&mimeType=pdf
OECD iLibrary,Trustworthy artificial intelligence (AI) in education : Promises and challenges,2020,OECD,https://www.oecd-ilibrary.org/deliver/a6c90fa9-en.pdf?itemId=%2Fcontent%2Fpaper%2Fa6c90fa9-en&mimeType=pdf
OECD iLibrary,Digital Innovation : Seizing Policy Opportunities,2019,OECD,https://www.oecd-ilibrary.org/deliver/a298dc87-en.pdf?itemId=%2Fcontent%2Fpublication%2Fa298dc87-en&mimeType=pdf
OECD iLibrary,Effective Government Information Websites : Toolkit for Implementation,2023,OECD,https://www.oecd-ilibrary.org/deliver/ac325b03-en.pdf?itemId=%2Fcontent%2Fpublication%2Fac325b03-en&mimeType=pdf
OECD iLibrary,Shaping the transition : Artificial intelligence and social dialogue,2022,OECD,https://www.oecd-ilibrary.org/deliver/f097c48a-en.pdf?itemId=%2Fcontent%2Fpaper%2Ff097c48a-en&mimeType=pdf
OECD iLibrary,Data-driven innovation in clinical pharmaceutical research,2023,OECD,https://www.oecd-ilibrary.org/data-driven-innovation-in-clinical-pharmaceutical-research_8763a389-en.pdf?itemId=%2Fcontent%2Fcomponent%2F8763a389-en&mimeType=pdf
OECD iLibrary,AI is poised to revolutionise healthcare. Building trust will be key,2022,OECD,https://www.oecd-ilibrary.org/deliver/bc7f47fa-en.pdf?itemId=%2Fcontent%2Fmultimedia%2Fbc7f47fa-en&mimeType=pdf
OECD iLibrary,Governing Transport in the Algorithmic Age,2019,OECD,https://www.oecd-ilibrary.org/deliver/eec0b9aa-en.pdf?itemId=%2Fcontent%2Fpaper%2Feec0b9aa-en&mimeType=pdf
OECD iLibrary,The impact of AI on the workplace: Main findings from the OECD AI surveys of employers and workers,2023,OECD,https://www.oecd-ilibrary.org/deliver/ea0a0fe1-en.pdf?itemId=%2Fcontent%2Fpaper%2Fea0a0fe1-en&mimeType=pdf
OECD iLibrary,Not lost in translation : The implications of machine translation technologies for language professionals and for broader society,2023,OECD,https://www.oecd-ilibrary.org/deliver/e1d1d170-en.pdf?itemId=%2Fcontent%2Fpaper%2Fe1d1d170-en&mimeType=pdf
OECD iLibrary,The value of data in digital-based business models: Measurement and economic policy implications,2022,OECD,https://www.oecd-ilibrary.org/deliver/d960a10c-en.pdf?itemId=%2Fcontent%2Fpaper%2Fd960a10c-en&mimeType=pdf
OECD iLibrary,Scoping the OECD AI principles : Deliberations of the Expert Group on Artificial Intelligence at the OECD (AIGO),2019,OECD,https://www.oecd-ilibrary.org/deliver/d62f618a-en.pdf?itemId=%2Fcontent%2Fpaper%2Fd62f618a-en&mimeType=pdf
OECD iLibrary,The EU-OECD definition of a functional urban area,2019,OECD,https://www.oecd-ilibrary.org/deliver/d58cb34d-en.pdf?itemId=%2Fcontent%2Fpaper%2Fd58cb34d-en&mimeType=pdf
OECD iLibrary,Enhancing the security of communication infrastructure,2023,OECD,https://www.oecd-ilibrary.org/deliver/bb608fe5-en.pdf?itemId=%2Fcontent%2Fpaper%2Fbb608fe5-en&mimeType=pdf
OECD iLibrary,Embracing a One Health Framework to Fight Antimicrobial Resistance,2023,OECD,https://www.oecd-ilibrary.org/deliver/ce44c755-en.pdf?itemId=%2Fcontent%2Fpublication%2Fce44c755-en&mimeType=pdf
OECD iLibrary,OECD Framework for the Classification of AI systems,2022,OECD,https://www.oecd-ilibrary.org/deliver/cb6d9eca-en.pdf?itemId=%2Fcontent%2Fpaper%2Fcb6d9eca-en&mimeType=pdf
OECD iLibrary,Governing data and AI for all: Which model for a sustainable and just data governance?,2022,OECD,https://www.oecd-ilibrary.org/deliver/c3a0a473-en.pdf?itemId=%2Fcontent%2Fmultimedia%2Fc3a0a473-en&mimeType=pdf
OECD iLibrary,Artificial intelligence and employment : New cross-country evidence,2021,OECD,https://www.oecd-ilibrary.org/deliver/c2c1d276-en.pdf?itemId=%2Fcontent%2Fpaper%2Fc2c1d276-en&mimeType=pdf
OECD iLibrary,An overview of national AI strategies and policies,2021,OECD,https://www.oecd-ilibrary.org/deliver/c05140d9-en.pdf?itemId=%2Fcontent%2Fpaper%2Fc05140d9-en&mimeType=pdf
OECD iLibrary,G7 Hiroshima Process on Generative Artificial Intelligence (AI) : Towards a G7 Common Understanding on Generative AI,2023,OECD,https://www.oecd-ilibrary.org/deliver/bf3c0c60-en.pdf?itemId=%2Fcontent%2Fpublication%2Fbf3c0c60-en&mimeType=pdf
OECD iLibrary,The Digital Transformation of SMEs,2021,OECD,https://www.oecd-ilibrary.org/deliver/bdb9256a-en.pdf?itemId=%2Fcontent%2Fpublication%2Fbdb9256a-en&mimeType=pdf
OECD iLibrary,Development Co-operation Report 2021 : Shaping a Just Digital Transformation,2021,OECD,https://www.oecd-ilibrary.org/deliver/ce08832f-en.pdf?itemId=%2Fcontent%2Fpublication%2Fce08832f-en&mimeType=pdf
OECD iLibrary,Data driven approaches towards risk-based regulatory delivery,2021,OECD,https://www.oecd-ilibrary.org/data-driven-approaches-towards-risk-based-regulatory-delivery_eff10ad4-en.pdf?itemId=%2Fcontent%2Fcomponent%2Feff10ad4-en&mimeType=pdf
OECD iLibrary,Applying machine learning techniques to inspections,2021,OECD,https://www.oecd-ilibrary.org/applying-machine-learning-techniques-to-inspections_c052cabf-en.pdf?itemId=%2Fcontent%2Fcomponent%2Fc052cabf-en&mimeType=pdf
OECD iLibrary,Cross-cultural validity and comparability in assessments of complex constructs,2023,OECD,https://www.oecd-ilibrary.org/cross-cultural-validity-and-comparability-in-assessments-of-complex-constructs_91f3d034-en.pdf?itemId=%2Fcontent%2Fcomponent%2F91f3d034-en&mimeType=pdf
OECD iLibrary,Shifting global gravity,2019,OECD,https://www.oecd-ilibrary.org/shifting-global-gravity_5j3x77mdjbbp.pdf?itemId=%2Fcontent%2Fcomponent%2Ftrends_edu-2019-4-en&mimeType=pdf
OECD iLibrary,Setting the stage: Approaches to assessing AI’s impact,2023,OECD,https://www.oecd-ilibrary.org/setting-the-stage-approaches-to-assessing-ai-s-impact_8ee0810f-en.pdf?itemId=%2Fcontent%2Fcomponent%2F8ee0810f-en&mimeType=pdf
OECD iLibrary,Seizing the productive potential of digital change,2020,OECD,https://www.oecd-ilibrary.org/seizing-the-productive-potential-of-digital-change_af0dffc7-en.pdf?itemId=%2Fcontent%2Fcomponent%2Faf0dffc7-en&mimeType=pdf
OECD iLibrary,Scaling up ambitious learning practices,2019,OECD,https://www.oecd-ilibrary.org/scaling-up-ambitious-learning-practices_97c31bfe-en.pdf?itemId=%2Fcontent%2Fcomponent%2F97c31bfe-en&mimeType=pdf
OECD iLibrary,Robot scientists: From Adam to Eve to Genesis,2023,OECD,https://www.oecd-ilibrary.org/robot-scientists-from-adam-to-eve-to-genesis_d89b39b6-en.pdf?itemId=%2Fcontent%2Fcomponent%2Fd89b39b6-en&mimeType=pdf
OECD iLibrary,Risk-based control in Spain: A foundation for improved analytics,2021,OECD,https://www.oecd-ilibrary.org/risk-based-control-in-spain-a-foundation-for-improved-analytics_f3c1b67c-en.pdf?itemId=%2Fcontent%2Fcomponent%2Ff3c1b67c-en&mimeType=pdf
OECD iLibrary,Questions to guide assessment of artificial intelligence systems against human performance,2021,OECD,https://www.oecd-ilibrary.org/questions-to-guide-assessment-of-artificial-intelligence-systems-against-human-performance_344b0fa3-en.pdf?itemId=%2Fcontent%2Fcomponent%2F344b0fa3-en&mimeType=pdf
OECD iLibrary,Putting in place key enablers for AI in the public sector,2022,OECD,https://www.oecd-ilibrary.org/putting-in-place-key-enablers-for-ai-in-the-public-sector_e88632a9-en.pdf?itemId=%2Fcontent%2Fcomponent%2Fe88632a9-en&mimeType=pdf
OECD iLibrary,Public policy considerations,2019,OECD,https://www.oecd-ilibrary.org/public-policy-considerations_969ff07f-en.pdf?itemId=%2Fcontent%2Fcomponent%2F969ff07f-en&mimeType=pdf
OECD iLibrary,Previous work,2019,OECD,https://www.oecd-ilibrary.org/previous-work_633d28e7-en.pdf?itemId=%2Fcontent%2Fcomponent%2F633d28e7-en&mimeType=pdf
OECD iLibrary,Preface,2019,OECD,https://www.oecd-ilibrary.org/preface_89af43d8-en.pdf?itemId=%2Fcontent%2Fcomponent%2F89af43d8-en&mimeType=pdf
OECD iLibrary,Personalisation of learning: Towards hybrid human-AI learning technologies,2021,OECD,https://www.oecd-ilibrary.org/personalisation-of-learning-towards-hybrid-human-ai-learning-technologies_2cc25e37-en.pdf?itemId=%2Fcontent%2Fcomponent%2F2cc25e37-en&mimeType=pdf
OECD iLibrary,Performance of the SDG identification algorithm,2021,OECD,https://www.oecd-ilibrary.org/performance-of-the-sdg-identification-algorithm_d7af6eac-en.pdf?itemId=%2Fcontent%2Fcomponent%2Fd7af6eac-en&mimeType=pdf
OECD iLibrary,Overview: What the TALIS‑PISA link insights imply for policy and future research,2021,OECD,https://www.oecd-ilibrary.org/overview-what-the-talis-pisa-link-insights-imply-for-policy-and-future-research_9bc425ba-en.pdf?itemId=%2Fcontent%2Fcomponent%2F9bc425ba-en&mimeType=pdf
OECD iLibrary,On evaluating artificial intelligence systems: Competitions and benchmarks,2021,OECD,https://www.oecd-ilibrary.org/on-evaluating-artificial-intelligence-systems-competitions-and-benchmarks_d755c6d6-en.pdf?itemId=%2Fcontent%2Fcomponent%2Fd755c6d6-en&mimeType=pdf
OECD iLibrary,New approaches to understanding the impact of computers on work and education,2021,OECD,https://www.oecd-ilibrary.org/new-approaches-to-understanding-the-impact-of-computers-on-work-and-education_65774a32-en.pdf?itemId=%2Fcontent%2Fcomponent%2F65774a32-en&mimeType=pdf
OECD iLibrary,National policies for Artificial Intelligence: What about diffusion?,2021,OECD,https://www.oecd-ilibrary.org/national-policies-for-artificial-intelligence-what-about-diffusion_cc3a9728-en.pdf?itemId=%2Fcontent%2Fcomponent%2Fcc3a9728-en&mimeType=pdf
OECD iLibrary,Methodology for assessing AI capabilities using the Survey of Adult Skills (PIAAC),2023,OECD,https://www.oecd-ilibrary.org/methodology-for-assessing-ai-capabilities-using-the-survey-of-adult-skills-piaac_b70b1373-en.pdf?itemId=%2Fcontent%2Fcomponent%2Fb70b1373-en&mimeType=pdf
OECD iLibrary,Methodological guidelines to define functional areas,2020,OECD,https://www.oecd-ilibrary.org/methodological-guidelines-to-define-functional-areas_782b6659-en.pdf?itemId=%2Fcontent%2Fcomponent%2F782b6659-en&mimeType=pdf
OECD iLibrary,Data and indicator gaps on pressures and responses,2019,OECD,https://www.oecd-ilibrary.org/data-and-indicator-gaps-on-pressures-and-responses_bc88d5bf-en.pdf?itemId=%2Fcontent%2Fcomponent%2Fbc88d5bf-en&mimeType=pdf
OECD iLibrary,Media freedoms and digital rights in Finland,2021,OECD,https://www.oecd-ilibrary.org/media-freedoms-and-digital-rights-in-finland_919641b1-en.pdf?itemId=%2Fcontent%2Fcomponent%2F919641b1-en&mimeType=pdf
OECD iLibrary,Media freedoms and civic space in the digital age in Romania,2023,OECD,https://www.oecd-ilibrary.org/media-freedoms-and-civic-space-in-the-digital-age-in-romania_cbc4ab42-en.pdf?itemId=%2Fcontent%2Fcomponent%2Fcbc4ab42-en&mimeType=pdf
OECD iLibrary,Measuring the share of the private sector related to the SDGs,2021,OECD,https://www.oecd-ilibrary.org/measuring-the-share-of-the-private-sector-related-to-the-sdgs_4de00ac5-en.pdf?itemId=%2Fcontent%2Fcomponent%2F4de00ac5-en&mimeType=pdf
OECD iLibrary,Managing access to AI advances to safeguard countries’ essential security interests,2021,OECD,https://www.oecd-ilibrary.org/managing-access-to-ai-advances-to-safeguard-countries-essential-security-interests_2e819dc8-en.pdf?itemId=%2Fcontent%2Fcomponent%2F2e819dc8-en&mimeType=pdf
OECD iLibrary,Main findings and recommendations,2019,OECD,https://www.oecd-ilibrary.org/main-findings-and-recommendations_78f937cc-en.pdf?itemId=%2Fcontent%2Fcomponent%2F78f937cc-en&mimeType=pdf
OECD iLibrary,Skill needs and policies in the age of artificial intelligence,2023,OECD,https://www.oecd-ilibrary.org/skill-needs-and-policies-in-the-age-of-artificial-intelligence_638df49a-en.pdf?itemId=%2Fcontent%2Fcomponent%2F638df49a-en&mimeType=pdf
OECD iLibrary,Skills assessments in education,2021,OECD,https://www.oecd-ilibrary.org/skills-assessments-in-education_68191ce9-en.pdf?itemId=%2Fcontent%2Fcomponent%2F68191ce9-en&mimeType=pdf
OECD iLibrary,Social dialogue and collective bargaining in the age of artificial intelligence,2023,OECD,https://www.oecd-ilibrary.org/social-dialogue-and-collective-bargaining-in-the-age-of-artificial-intelligence_c35af387-en.pdf?itemId=%2Fcontent%2Fcomponent%2Fc35af387-en&mimeType=pdf
OECD iLibrary,Social Robots as educators,2021,OECD,https://www.oecd-ilibrary.org/social-robots-as-educators_1c3b1d56-en.pdf?itemId=%2Fcontent%2Fcomponent%2F1c3b1d56-en&mimeType=pdf
OECD iLibrary,Zusammenfassung,2020,OECD,https://www.oecd-ilibrary.org/zusammenfassung_adae5bf3-de.pdf?itemId=%2Fcontent%2Fcomponent%2Fadae5bf3-de&mimeType=pdf
OECD iLibrary,"Why everyone in Finland’s teaching themselves AI. Teemu Roos, U of Helsinki, tells us.",2019,OECD,https://www.oecd-ilibrary.org/why-everyone-in-finland-s-teaching-themselves-ai-teemu-roos-u-of-helsinki-tells-us_d1f98cfe-en.pdf?itemId=%2Fcontent%2Fmultimedia%2Fd1f98cfe-en&mimeType=pdf
OECD iLibrary,What do teachers and schools do that matters most for students' social and emotional development?,2021,OECD,https://www.oecd-ilibrary.org/what-do-teachers-and-schools-do-that-matters-most-for-students-social-and-emotional-development_d44d0f58-en.pdf?itemId=%2Fcontent%2Fcomponent%2Fd44d0f58-en&mimeType=pdf
OECD iLibrary,What can governments do to be ready for the future of work? With OECD’s Stefano Scarpetta,2019,OECD,https://www.oecd-ilibrary.org/what-can-governments-do-to-be-ready-for-the-future-of-work-with-oecd-s-stefano-scarpetta_2957db51-en.pdf?itemId=%2Fcontent%2Fmultimedia%2F2957db51-en&mimeType=pdf
OECD iLibrary,What can artificial intelligence do for physics?,2023,OECD,https://www.oecd-ilibrary.org/what-can-artificial-intelligence-do-for-physics_724b14a6-en.pdf?itemId=%2Fcontent%2Fcomponent%2F724b14a6-en&mimeType=pdf
OECD iLibrary,“Virtual Assistant” for VAT,2019,OECD,https://www.oecd-ilibrary.org/virtual-assistant-for-vat_faa89db0-en.pdf?itemId=%2Fcontent%2Fcomponent%2Ffaa89db0-en&mimeType=pdf
OECD iLibrary,Using machine learning to verify scientific claims,2023,OECD,https://www.oecd-ilibrary.org/using-machine-learning-to-verify-scientific-claims_ab9d235c-en.pdf?itemId=%2Fcontent%2Fcomponent%2Fab9d235c-en&mimeType=pdf
OECD iLibrary,Using human skills taxonomies and tests as measures of artificial intelligence,2021,OECD,https://www.oecd-ilibrary.org/using-human-skills-taxonomies-and-tests-as-measures-of-artificial-intelligence_e182dd0d-en.pdf?itemId=%2Fcontent%2Fcomponent%2Fe182dd0d-en&mimeType=pdf
OECD iLibrary,Understanding digital transformation,2019,OECD,https://www.oecd-ilibrary.org/understanding-digital-transformation_58ee7fe5-en.pdf?itemId=%2Fcontent%2Fcomponent%2F58ee7fe5-en&mimeType=pdf
OECD iLibrary,Trends Shaping Education 2019,2019,OECD,https://www.oecd-ilibrary.org/trends-shaping-education-2019_5j8jll3f016g.pdf?itemId=%2Fcontent%2Fpublication%2Ftrends_edu-2019-en&mimeType=pdf
OECD iLibrary,Trends and policy frameworks for AI in finance,2021,OECD,https://www.oecd-ilibrary.org/trends-and-policy-frameworks-for-ai-in-finance_cbc9d1af-en.pdf?itemId=%2Fcontent%2Fcomponent%2Fcbc9d1af-en&mimeType=pdf
OECD iLibrary,Trend 4: New ways of engaging citizens and residents,2023,OECD,https://www.oecd-ilibrary.org/trend-4-new-ways-of-engaging-citizens-and-residents_d5b3aed9-en.pdf?itemId=%2Fcontent%2Fcomponent%2Fd5b3aed9-en&mimeType=pdf
OECD iLibrary,"Machine reading: Successes, challenges and implications for science",2023,OECD,https://www.oecd-ilibrary.org/machine-reading-successes-challenges-and-implications-for-science_368178a6-en.pdf?itemId=%2Fcontent%2Fcomponent%2F368178a6-en&mimeType=pdf
OECD iLibrary,Trend 2: New approaches to care,2023,OECD,https://www.oecd-ilibrary.org/trend-2-new-approaches-to-care_9be6313e-en.pdf?itemId=%2Fcontent%2Fcomponent%2F9be6313e-en&mimeType=pdf
OECD iLibrary,The use of SupTech to enhance market supervision and integrity,2021,OECD,https://www.oecd-ilibrary.org/the-use-of-suptech-to-enhance-market-supervision-and-integrity_d478df4c-en.pdf?itemId=%2Fcontent%2Fcomponent%2Fd478df4c-en&mimeType=pdf
OECD iLibrary,The technical landscape,2019,OECD,https://www.oecd-ilibrary.org/the-technical-landscape_8b303b6f-en.pdf?itemId=%2Fcontent%2Fcomponent%2F8b303b6f-en&mimeType=pdf
OECD iLibrary,The skill profiles and the competences of workers in digital occupations,2022,OECD,https://www.oecd-ilibrary.org/the-skill-profiles-and-the-competences-of-workers-in-digital-occupations_6bafcb87-en.pdf?itemId=%2Fcontent%2Fcomponent%2F6bafcb87-en&mimeType=pdf
OECD iLibrary,The rule of law: A fragile tool for the development of emerging nuclear technologies,2023,OECD,https://www.oecd-ilibrary.org/the-rule-of-law-a-fragile-tool-for-the-development-of-emerging-nuclear-technologies_3bd72ca3-en.pdf?itemId=%2Fcontent%2Fpaper%2F3bd72ca3-en&mimeType=pdf
OECD iLibrary,The importance of knowledge bases for artificial intelligence in science,2023,OECD,https://www.oecd-ilibrary.org/the-importance-of-knowledge-bases-for-artificial-intelligence-in-science_3aba9f4b-en.pdf?itemId=%2Fcontent%2Fcomponent%2F3aba9f4b-en&mimeType=pdf
OECD iLibrary,The encroachment of artificial intelligence: Timing and prospects,2021,OECD,https://www.oecd-ilibrary.org/the-encroachment-of-artificial-intelligence-timing-and-prospects_e39255bb-en.pdf?itemId=%2Fcontent%2Fcomponent%2Fe39255bb-en&mimeType=pdf
OECD iLibrary,The economic landscape,2019,OECD,https://www.oecd-ilibrary.org/the-economic-landscape_3abc27f1-en.pdf?itemId=%2Fcontent%2Fcomponent%2F3abc27f1-en&mimeType=pdf
OECD iLibrary,The case for a digital government in Mexico,2020,OECD,https://www.oecd-ilibrary.org/the-case-for-a-digital-government-in-mexico_6a7384e3-en.pdf?itemId=%2Fcontent%2Fcomponent%2F6a7384e3-en&mimeType=pdf
OECD iLibrary,The air we breathe : Rich Fuller of Pure Earth,2019,OECD,https://www.oecd-ilibrary.org/the-air-we-breathe-rich-fuller-of-pure-earth_9a00aff1-en.pdf?itemId=%2Fcontent%2Fmultimedia%2F9a00aff1-en&mimeType=pdf
OECD iLibrary,Test No. 471: Bacterial Reverse Mutation Test,2020,OECD,https://www.oecd-ilibrary.org/test-no-471-bacterial-reverse-mutation-test_5lmqcr2k7mg0.pdf?itemId=%2Fcontent%2Fpublication%2F9789264071247-en&mimeType=pdf
OECD iLibrary,Technische Grundlagen,2020,OECD,https://www.oecd-ilibrary.org/technische-grundlagen_64ae49f7-de.pdf?itemId=%2Fcontent%2Fcomponent%2F64ae49f7-de&mimeType=pdf
OECD iLibrary,Tasks and tests for assessing artificial intelligence and robotics in comparison with humans,2021,OECD,https://www.oecd-ilibrary.org/tasks-and-tests-for-assessing-artificial-intelligence-and-robotics-in-comparison-with-humans_265f8d24-en.pdf?itemId=%2Fcontent%2Fcomponent%2F265f8d24-en&mimeType=pdf
OECD iLibrary,Trend 1: New forms of accountability for a new era of government,2023,OECD,https://www.oecd-ilibrary.org/trend-1-new-forms-of-accountability-for-a-new-era-of-government_1b12de43-en.pdf?itemId=%2Fcontent%2Fcomponent%2F1b12de43-en&mimeType=pdf
OECD iLibrary,Leveraging artificial intelligence for proactive delivery of public policies and services,2023,OECD,https://www.oecd-ilibrary.org/leveraging-artificial-intelligence-for-proactive-delivery-of-public-policies-and-services_5702d250-en.pdf?itemId=%2Fcontent%2Fcomponent%2F5702d250-en&mimeType=pdf
OECD iLibrary,Methodological algorithms,2020,OECD,https://www.oecd-ilibrary.org/methodological-algorithms_caf29d59-en.pdf?itemId=%2Fcontent%2Fcomponent%2Fcaf29d59-en&mimeType=pdf
OECD iLibrary,LAC Artificial Intelligence strategies,2022,OECD,https://www.oecd-ilibrary.org/lac-artificial-intelligence-strategies_636827ae-en.pdf?itemId=%2Fcontent%2Fcomponent%2F636827ae-en&mimeType=pdf
OECD iLibrary,Artificial intelligence for science and engineering: A priority for public investment in research and development,2023,OECD,https://www.oecd-ilibrary.org/artificial-intelligence-for-science-and-engineering-a-priority-for-public-investment-in-research-and-development_7b7b1bce-en.pdf?itemId=%2Fcontent%2Fcomponent%2F7b7b1bce-en&mimeType=pdf
OECD iLibrary,Artificial intelligence for science in Africa,2023,OECD,https://www.oecd-ilibrary.org/artificial-intelligence-for-science-in-africa_399730cc-en.pdf?itemId=%2Fcontent%2Fcomponent%2F399730cc-en&mimeType=pdf
OECD iLibrary,Artificial intelligence in education: Bringing it all together,2021,OECD,https://www.oecd-ilibrary.org/artificial-intelligence-in-education-bringing-it-all-together_f54ea644-en.pdf?itemId=%2Fcontent%2Fcomponent%2Ff54ea644-en&mimeType=pdf
OECD iLibrary,Artificial intelligence in science: Overview and policy proposals,2023,OECD,https://www.oecd-ilibrary.org/artificial-intelligence-in-science-overview-and-policy-proposals_a2817e1f-en.pdf?itemId=%2Fcontent%2Fcomponent%2Fa2817e1f-en&mimeType=pdf
OECD iLibrary,Artificial intelligence in scientific discovery: Challenges and opportunities,2023,OECD,https://www.oecd-ilibrary.org/artificial-intelligence-in-scientific-discovery-challenges-and-opportunities_ca841465-en.pdf?itemId=%2Fcontent%2Fcomponent%2Fca841465-en&mimeType=pdf
OECD iLibrary,Lessons from shortcomings in machine learning for medical imaging,2023,OECD,https://www.oecd-ilibrary.org/lessons-from-shortcomings-in-machine-learning-for-medical-imaging_b885eecd-en.pdf?itemId=%2Fcontent%2Fcomponent%2Fb885eecd-en&mimeType=pdf
OECD iLibrary,Artificial Intelligence: Managing the ethical challenges,2021,OECD,https://www.oecd-ilibrary.org/artificial-intelligence-managing-the-ethical-challenges_54c51e69-en.pdf?itemId=%2Fcontent%2Fmultimedia%2F54c51e69-en&mimeType=pdf
OECD iLibrary,Artificial Intelligence: Regulation Can Support Innovation,2021,OECD,https://www.oecd-ilibrary.org/artificial-intelligence-regulation-can-support-innovation_f7fe0e1d-en.pdf?itemId=%2Fcontent%2Fmultimedia%2Ff7fe0e1d-en&mimeType=pdf
OECD iLibrary,Assessing artificial intelligence capabilities,2021,OECD,https://www.oecd-ilibrary.org/assessing-artificial-intelligence-capabilities_47d04fe3-en.pdf?itemId=%2Fcontent%2Fcomponent%2F47d04fe3-en&mimeType=pdf
OECD iLibrary,Assessing collective intelligence in human groups,2021,OECD,https://www.oecd-ilibrary.org/assessing-collective-intelligence-in-human-groups_ce863473-en.pdf?itemId=%2Fcontent%2Fcomponent%2Fce863473-en&mimeType=pdf
OECD iLibrary,Assessing Household Financial Vulnerability: Empirical evidence from the U.S. using machine learning,2019,OECD,https://www.oecd-ilibrary.org/assessing-household-financial-vulnerability-empirical-evidence-from-the-u-s-using-machine-learning_75c63aa1-en.pdf?itemId=%2Fcontent%2Fcomponent%2F75c63aa1-en&mimeType=pdf
OECD iLibrary,Assessing Natural Language Processing,2021,OECD,https://www.oecd-ilibrary.org/assessing-natural-language-processing_fcd5e244-en.pdf?itemId=%2Fcontent%2Fcomponent%2Ffcd5e244-en&mimeType=pdf
OECD iLibrary,Artificial Intelligence-enabled adaptive assessments with Intelligent Tutors,2023,OECD,https://www.oecd-ilibrary.org/artificial-intelligence-enabled-adaptive-assessments-with-intelligent-tutors_22731ca8-en.pdf?itemId=%2Fcontent%2Fcomponent%2F22731ca8-en&mimeType=pdf
OECD iLibrary,Assessment and recommendations,2019,OECD,https://www.oecd-ilibrary.org/assessment-and-recommendations_cdb89610-en.pdf?itemId=%2Fcontent%2Fcomponent%2Fcdb89610-en&mimeType=pdf
OECD iLibrary,Bringing space to earth with data-driven activities,2019,OECD,https://www.oecd-ilibrary.org/bringing-space-to-earth-with-data-driven-activities_07d50927-en.pdf?itemId=%2Fcontent%2Fcomponent%2F07d50927-en&mimeType=pdf
OECD iLibrary,Building an assessment of artificial intelligence capabilities,2021,OECD,https://www.oecd-ilibrary.org/building-an-assessment-of-artificial-intelligence-capabilities_01421d08-en.pdf?itemId=%2Fcontent%2Fcomponent%2F01421d08-en&mimeType=pdf
OECD iLibrary,Building key governance capacities,2022,OECD,https://www.oecd-ilibrary.org/building-key-governance-capacities_56a4e1d2-en.pdf?itemId=%2Fcontent%2Fcomponent%2F56a4e1d2-en&mimeType=pdf
OECD iLibrary,Case study: Planning for the future of work,2021,OECD,https://www.oecd-ilibrary.org/case-study-planning-for-the-future-of-work_ff4b8bd3-en.pdf?itemId=%2Fcontent%2Fcomponent%2Fff4b8bd3-en&mimeType=pdf
OECD iLibrary,Changes in AI capabilities in literacy and numeracy between 2016 and 2021,2023,OECD,https://www.oecd-ilibrary.org/changes-in-ai-capabilities-in-literacy-and-numeracy-between-2016-and-2021_4301a378-en.pdf?itemId=%2Fcontent%2Fcomponent%2F4301a378-en&mimeType=pdf
OECD iLibrary,Combining collective and machine intelligence at the knowledge frontier,2023,OECD,https://www.oecd-ilibrary.org/combining-collective-and-machine-intelligence-at-the-knowledge-frontier_dbbd48a9-en.pdf?itemId=%2Fcontent%2Fcomponent%2Fdbbd48a9-en&mimeType=pdf
OECD iLibrary,Common sense skills: Artificial intelligence and the workplace,2021,OECD,https://www.oecd-ilibrary.org/common-sense-skills-artificial-intelligence-and-the-workplace_5fe70a0c-en.pdf?itemId=%2Fcontent%2Fcomponent%2F5fe70a0c-en&mimeType=pdf
OECD iLibrary,Competence assessment in German vocational education and training,2021,OECD,https://www.oecd-ilibrary.org/competence-assessment-in-german-vocational-education-and-training_c3d7aa74-en.pdf?itemId=%2Fcontent%2Fcomponent%2Fc3d7aa74-en&mimeType=pdf
OECD iLibrary,Competition and AI,2021,OECD,https://www.oecd-ilibrary.org/competition-and-ai_3acbe1cd-en.pdf?itemId=%2Fcontent%2Fcomponent%2F3acbe1cd-en&mimeType=pdf
OECD iLibrary,Conclusion and recommendations,2022,OECD,https://www.oecd-ilibrary.org/conclusion-and-recommendations_c61de01b-en.pdf?itemId=%2Fcontent%2Fcomponent%2Fc61de01b-en&mimeType=pdf
OECD iLibrary,Consumer policy in the digital transformation,2020,OECD,https://www.oecd-ilibrary.org/consumer-policy-in-the-digital-transformation_7570fa4a-en.pdf?itemId=%2Fcontent%2Fcomponent%2F7570fa4a-en&mimeType=pdf
OECD iLibrary,Cracking the glass ceiling on wages: Gapsquare CEO Zara Nanu,2019,OECD,https://www.oecd-ilibrary.org/cracking-the-glass-ceiling-on-wages-gapsquare-ceo-zara-nanu_ca12b314-en.pdf?itemId=%2Fcontent%2Fmultimedia%2Fca12b314-en&mimeType=pdf
OECD iLibrary,Bringing health into the 21st century,2019,OECD,https://www.oecd-ilibrary.org/bringing-health-into-the-21st-century_e130fcc2-en.pdf?itemId=%2Fcontent%2Fcomponent%2Fe130fcc2-en&mimeType=pdf
OECD iLibrary,"Artificial intelligence, digital technology and advanced production",2020,OECD,https://www.oecd-ilibrary.org/artificial-intelligence-digital-technology-and-advanced-production_629af843-en.pdf?itemId=%2Fcontent%2Fcomponent%2F629af843-en&mimeType=pdf
OECD iLibrary,"Artificial intelligence, job quality and inclusiveness",2023,OECD,https://www.oecd-ilibrary.org/artificial-intelligence-job-quality-and-inclusiveness_99c4c123-en.pdf?itemId=%2Fcontent%2Fcomponent%2F99c4c123-en&mimeType=pdf
OECD iLibrary,Artificial intelligence: Changing landscape for SMEs,2021,OECD,https://www.oecd-ilibrary.org/artificial-intelligence-changing-landscape-for-smes_01a4ae9d-en.pdf?itemId=%2Fcontent%2Fcomponent%2F01a4ae9d-en&mimeType=pdf
OECD iLibrary,Korea,2021,OECD,https://www.oecd-ilibrary.org/korea_88d8a0bc-en.pdf?itemId=%2Fcontent%2Fcomponent%2F88d8a0bc-en&mimeType=pdf
OECD iLibrary,Knowledge and power,2022,OECD,https://www.oecd-ilibrary.org/knowledge-and-power_6cca2555-en.pdf?itemId=%2Fcontent%2Fcomponent%2F6cca2555-en&mimeType=pdf
OECD iLibrary,Is there a narrowing of AI research?,2023,OECD,https://www.oecd-ilibrary.org/is-there-a-narrowing-of-ai-research_77709ef0-en.pdf?itemId=%2Fcontent%2Fcomponent%2F77709ef0-en&mimeType=pdf
OECD iLibrary,Introduction,2022,OECD,https://www.oecd-ilibrary.org/introduction_c545040a-en.pdf?itemId=%2Fcontent%2Fcomponent%2Fc545040a-en&mimeType=pdf
OECD iLibrary,Interpretability: Should – and can – we understand the reasoning of machine-learning systems?,2023,OECD,https://www.oecd-ilibrary.org/interpretability-should-and-can-we-understand-the-reasoning-of-machine-learning-systems_2d0478b9-en.pdf?itemId=%2Fcontent%2Fcomponent%2F2d0478b9-en&mimeType=pdf
OECD iLibrary,A framework for evaluating the AI-driven automation of science,2023,OECD,https://www.oecd-ilibrary.org/a-framework-for-evaluating-the-ai-driven-automation-of-science_63faa850-en.pdf?itemId=%2Fcontent%2Fcomponent%2F63faa850-en&mimeType=pdf
OECD iLibrary,"Artificial intelligence, developing-country science and bilateral co‑operation",2023,OECD,https://www.oecd-ilibrary.org/artificial-intelligence-developing-country-science-and-bilateral-co-operation_4edb761e-en.pdf?itemId=%2Fcontent%2Fcomponent%2F4edb761e-en&mimeType=pdf
OECD iLibrary,Abilities and skills: Assessing humans and artificial intelligence/robotics systems,2021,OECD,https://www.oecd-ilibrary.org/abilities-and-skills-assessing-humans-and-artificial-intelligence-robotics-systems_497be8f9-en.pdf?itemId=%2Fcontent%2Fcomponent%2F497be8f9-en&mimeType=pdf
OECD iLibrary,Adaptability,2019,OECD,https://www.oecd-ilibrary.org/adaptability_3d8ecdfb-en.pdf?itemId=%2Fcontent%2Fcomponent%2F3d8ecdfb-en&mimeType=pdf
OECD iLibrary,Addressing labour-market disruptions from trade and automation,2019,OECD,https://www.oecd-ilibrary.org/addressing-labour-market-disruptions-from-trade-and-automation_e309eca0-en.pdf?itemId=%2Fcontent%2Fcomponent%2Fe309eca0-en&mimeType=pdf
OECD iLibrary,AI and scientific productivity: Considering policy and governance challenges,2023,OECD,https://www.oecd-ilibrary.org/ai-and-scientific-productivity-considering-policy-and-governance-challenges_84cde28b-en.pdf?itemId=%2Fcontent%2Fcomponent%2F84cde28b-en&mimeType=pdf
OECD iLibrary,AI applications,2019,OECD,https://www.oecd-ilibrary.org/ai-applications_79edf9d8-en.pdf?itemId=%2Fcontent%2Fcomponent%2F79edf9d8-en&mimeType=pdf
OECD iLibrary,AI in drug discovery,2023,OECD,https://www.oecd-ilibrary.org/ai-in-drug-discovery_6717b361-en.pdf?itemId=%2Fcontent%2Fcomponent%2F6717b361-en&mimeType=pdf
OECD iLibrary,A tale of two worlds: Machine learning approaches at the intersection with educational measurement,2023,OECD,https://www.oecd-ilibrary.org/a-tale-of-two-worlds-machine-learning-approaches-at-the-intersection-with-educational-measurement_d01eb8a4-en.pdf?itemId=%2Fcontent%2Fcomponent%2Fd01eb8a4-en&mimeType=pdf
OECD iLibrary,AI policies and initiatives,2019,OECD,https://www.oecd-ilibrary.org/ai-policies-and-initiatives_cf3f3be0-en.pdf?itemId=%2Fcontent%2Fcomponent%2Fcf3f3be0-en&mimeType=pdf
OECD iLibrary,AI in finance,2021,OECD,https://www.oecd-ilibrary.org/ai-in-finance_39b6299a-en.pdf?itemId=%2Fcontent%2Fcomponent%2F39b6299a-en&mimeType=pdf
OECD iLibrary,"Artificial intelligence, blockchain and quantum computing",2020,OECD,https://www.oecd-ilibrary.org/artificial-intelligence-blockchain-and-quantum-computing_c51bcfeb-en.pdf?itemId=%2Fcontent%2Fcomponent%2Fc51bcfeb-en&mimeType=pdf
OECD iLibrary,Artificial intelligence and the labour market: Introduction,2023,OECD,https://www.oecd-ilibrary.org/artificial-intelligence-and-the-labour-market-introduction_63bcc69a-en.pdf?itemId=%2Fcontent%2Fcomponent%2F63bcc69a-en&mimeType=pdf
OECD iLibrary,Artificial intelligence and jobs: No signs of slowing labour demand (yet),2023,OECD,https://www.oecd-ilibrary.org/artificial-intelligence-and-jobs-no-signs-of-slowing-labour-demand-yet_9c86de40-en.pdf?itemId=%2Fcontent%2Fcomponent%2F9c86de40-en&mimeType=pdf
OECD iLibrary,Artificial intelligence and development projects: A case study in funding mechanisms to optimise research excellence in sub-Saharan Africa,2023,OECD,https://www.oecd-ilibrary.org/artificial-intelligence-and-development-projects-a-case-study-in-funding-mechanisms-to-optimise-research-excellence-in-sub-saharan-africa_f41aa308-en.pdf?itemId=%2Fcontent%2Fcomponent%2Ff41aa308-en&mimeType=pdf
OECD iLibrary,Identifying artificial intelligence capabilities: What and how to test,2021,OECD,https://www.oecd-ilibrary.org/identifying-artificial-intelligence-capabilities-what-and-how-to-test_85aeb432-en.pdf?itemId=%2Fcontent%2Fcomponent%2F85aeb432-en&mimeType=pdf
OECD iLibrary,Implications of evolving AI capabilities for employment and education,2023,OECD,https://www.oecd-ilibrary.org/implications-of-evolving-ai-capabilities-for-employment-and-education_ed919621-en.pdf?itemId=%2Fcontent%2Fcomponent%2Fed919621-en&mimeType=pdf
OECD iLibrary,ANPAL Guidelines,2019,OECD,https://www.oecd-ilibrary.org/anpal-guidelines_1373d882-en.pdf?itemId=%2Fcontent%2Fcomponent%2F1373d882-en&mimeType=pdf
OECD iLibrary,An overview of key developments and policies,2020,OECD,https://www.oecd-ilibrary.org/an-overview-of-key-developments-and-policies_5260917b-en.pdf?itemId=%2Fcontent%2Fcomponent%2F5260917b-en&mimeType=pdf
OECD iLibrary,An occupational taxonomic approach to assessing AI capabilities,2021,OECD,https://www.oecd-ilibrary.org/an-occupational-taxonomic-approach-to-assessing-ai-capabilities_2c1d8961-en.pdf?itemId=%2Fcontent%2Fcomponent%2F2c1d8961-en&mimeType=pdf
OECD iLibrary,All about AI: Should we be concerned about artificial intelligence?,2020,OECD,https://www.oecd-ilibrary.org/all-about-ai-should-we-be-concerned-about-artificial-intelligence_1b63c3bd-en.pdf?itemId=%2Fcontent%2Fmultimedia%2F1b63c3bd-en&mimeType=pdf
OECD iLibrary,AI use cases in LAC governments,2022,OECD,https://www.oecd-ilibrary.org/ai-use-cases-in-lac-governments_08955f48-en.pdf?itemId=%2Fcontent%2Fcomponent%2F08955f48-en&mimeType=pdf
OECD iLibrary,"Applying AI to real-world health-care settings and the life sciences: Tackling data privacy, security and policy challenges with federated learning",2023,OECD,https://www.oecd-ilibrary.org/applying-ai-to-real-world-health-care-settings-and-the-life-sciences-tackling-data-privacy-security-and-policy-challenges-with-federated-learning_058a23d0-en.pdf?itemId=%2Fcontent%2Fcomponent%2F058a23d0-en&mimeType=pdf
OECD publications,What are the OECD Principles on AI,2020,OECD,https://www.oecd-ilibrary.org/docserver/6ff2a1c4-en.pdf?expires=1684155213&id=id&accname=guest&checksum=47DD8B6DF2D9129E96D568E8A575B941
OECD publications,Examples of LAC AI instruments aligned with OECD AI values-based principles,2021,OECD,https://www.oecd-ilibrary.org/sites/5fbd4ea6-en/index.html?itemId=/content/component/5fbd4ea6-en
Policy documents,A Framework for Developing a National Artificial Intelligence Strategy Centre for Fourth Industrial Revolution,2019,World Economic Forum,https://www3.weforum.org/docs/WEF_National_AI_Strategy.pdf?_gl=1*1ycz2tk*_up*MQ..&gclid=EAIaIQobChMI2LuIqrL1_gIVSazVCh3WZA_0EAAYASAAEgKY9fD_BwE
Policy documents,Memorandum for the Heads of Executive Departments and Agencies,2020,United States,https://www.whitehouse.gov/wp-content/uploads/2020/01/Draft-OMB-Memo-on-Regulation-of-AI-1-7-19.pdf
Policy documents,AI Voor Nederland,2018,Netherlands,https://www.vno-ncw.nl/sites/default/files/aivnl_20181106_0.pdf
Policy documents,Preparing for the Future of Transportation,2019,United States,https://www.transportation.gov/sites/dot.gov/files/docs/policy-initiatives/automated-vehicles/320711/preparing-future-transportation-automated-vehicle-30.pdf
Policy documents,Outline for a German Strategy for Artificial Intelligence,2018,Germany,https://www.stiftung-nv.de/sites/default/files/outline_for_a_german_artificial_intelligence_strategy.pdf
Policy documents,AUS AI Standards Roadmap,2020,Australia,https://www.standards.org.au/getmedia/ede81912-55a2-4d8e-849f-9844993c3b9d/O_1515-An-Artificial-Intelligence-Standards-Roadmap-soft_1.pdf.aspx
Policy documents,AI Report,2019,Estonia,https://www.ria.ee/en/media/580/download
Policy documents,Draft AI R&D Guidelines for International Discussions,2017,Japan,https://www.soumu.go.jp/main_content/000507517.pdf
Policy documents,Saudi Vision 2030,2019,Saudi Arabia,https://www.saudiembassy.net/sites/default/files/u66/Saudi_Vision2030_EN.pdf
Policy documents,National Strategy for Artificial Intelligence,2020,Norway,https://www.regjeringen.no/contentassets/1febbbb2c4fd4b7d92c67ddd353b6ae8/en-gb/pdfs/ki-strategi_en.pdf
Policy documents,Saudi PWC Economic Potential AI Middle East,2018,Saudi Arabia,https://www.pwc.com/m1/en/publications/documents/economic-potential-ai-middle-east.pdf
Policy documents,Model Artificial Intelligence Governance Framework Second Edition,2020,Singapore,https://www.pdpc.gov.sg/-/media/files/pdpc/pdf-files/resource-for-organisation/ai/sgmodelaigovframework2.pdf
Policy documents,Draft AI Utilization Principles,2018,Japan,https://www.soumu.go.jp/main_content/000581310.pdf
Policy documents,Examples Of Ai National Policies,2020,OECD,https://www.oecd.org/sti/examples-of-ai-national-policies.pdf
Policy documents,Unlocking Armenia’s AI Potential,2021,Armenia,/
Policy documents,Artificial Intelligence Research Agenda for the Netherlands,2019,Netherlands,https://www.nwo.nl/sites/nwo/files/documents/AIREA-NL%20AI%20Research%20Agenda%20for%20the%20Netherlands.pdf
Policy documents,National Strategy for Artificial Intelligence,2019,Denmark,https://eng.em.dk/media/13081/305755-gb-version_4k.pdf
Policy documents,DIRECTIVE (EU) 2019/1024 OF THE EUROPEAN PARLIAMENT AND OF THE COUNCIL of 20 June 2019 on open data and the re-use of public sector information,2019,European Union,https://eur-lex.europa.eu/legal-content/EN/TXT/PDF/?uri=CELEX:32019L1024
Policy documents,"Report on the safety and liability implications of Artificial Intelligence, the Internet of Things and robotics",2020,European Union,https://eur-lex.europa.eu/legal-content/EN/TXT/PDF/?uri=CELEX:52020DC0064
Policy documents,2030 Digital Compass: the European way for the Digital Decade,2021,European Union,https://eur-lex.europa.eu/resource.html?uri=cellar:12e835e2-81af-11eb-9ac9-01aa75ed71a1.0001.02/DOC_1&format=PDF
Policy documents,Singapore Compendium of Use Cases Vol 2,2020,Singapore,https://file.go.gov.sg/ai-gov-use-cases-2.pdf
Policy documents,Zonas Libres Tecnologicas,2020,Portugal,https://files.dre.pt/1s/2020/04/07800/0000600032.pdf
Policy documents,New Generation of Artificial Intelligence Development Plan,2017,China,https://flia.org/wp-content/uploads/2017/07/A-New-Generation-of-Artificial-Intelligence-Development-Plan-1.pdf
Policy documents,Towards an AI Strategy In Mexico: Harnessing the AI Revolution,2018,Mexico,https://go.wizeline.com/rs/571-SRN-279/images/Towards-an-AI-strategy-in-Mexico.pdf
Policy documents,Strategy for Denmark’s Digital Growth,2018,Denmark,https://eng.em.dk/media/10566/digital-growth-strategy-report_uk_web-2.pdf
Policy documents,Artificial Intelligence: A Strategic Vision for Luxembourg.,2019,Luxembourg,https://gouvernement.lu/dam-assets/fr/publications/rapport-etude-analyse/minist-digitalisation/Artificial-Intelligence-a-strategic-vision-for-Luxembourg.pdf
Policy documents,Artificial Ingelligence at the service of citizens,2018,Italy,https://ia.italia.it/assets/whitepaper.pdf
Policy documents,Portugal INCoDe 2030,2021,Portugal,https://incode2030.pt/sites/default/files/incode2030_en_0.pdf
Policy documents,National Strategy for Artificial Ingelligence,2018,India,https://indiaai.gov.in/documents/pdf/NationalStrategy-for-AI-Discussion-Paper.pdf
Policy documents,China AI Development Report,2018,China,https://indianstrategicknowledgeonline.com/web/China_AI_development_report_2018.pdf
Policy documents,Finland’s Age of Artificial Intelligence,2017,Finland,https://julkaisut.valtioneuvosto.fi/bitstream/handle/10024/160391/TEMrap_47_2017_verkkojulkaisu.pdf
Policy documents,Work in the age of artificial intelligence,2018,Finland,https://julkaisut.valtioneuvosto.fi/bitstream/handle/10024/160980/TEMjul_21_2018_Work_in_the_age.pdf
Policy documents,Malta Towards an AI Strategy: High-level policy document for public consultation,2019,Malta,https://malta.ai/wp-content/uploads/2019/04/Draft_Policy_document_-_online_version.pdf
Policy documents,Summary of the 2018 Department of Defense Artificial Intelligence Strategy,2018,United States,https://media.defense.gov/2019/Feb/12/2002088963/-1/-1/1/SUMMARY-OF-DOD-AI-STRATEGY.PDF
Policy documents,The Data-Driven Innovation Strategy for the Development of a Trusted and Sustainable Economy in Luxembourg,2019,Luxembourg,https://gouvernement.lu/dam-assets/fr/publications/rapport-etude-analyse/minist-economie/The-Data-driven-Innovation-Strategy.pdf
Policy documents,Data for the Benefit of the People: Recommendations from the Danish Expert Group on Data Ethics,2018,Denmark,https://em.dk/media/12190/dataethics-v2.pdf
Policy documents,Shaping Europe's digital future – Questions and Answers,2020,European Union,https://ec.europa.eu/commission/presscorner/api/files/document/print/en/qanda_20_264/QANDA_20_264_EN.pdf
Policy documents,Member States and Commission to work together to boost artificial intelligence made in Europe,2018,European Union,https://ec.europa.eu/commission/presscorner/api/files/document/print/en/ip_18_6689/IP_18_6689_EN.pdf
Policy documents,"AUS Tech Future: Delivering a Strong, Safe and Inclusive Digital Economy",2018,Australia,Missing
Policy documents,The Effective and Ethical Development of Artificial Intelligence,2019,Australia,https://acola.org/wp-content/uploads/2019/07/hs4_artificial-intelligence-report.pdf
Policy documents,AI 4 Belgium,2019,Belgium,https://ai4belgium.be/wp-content/uploads/2019/04/report_en.pdf
Policy documents,National AI Strategy,2021,United Kingdom,https://assets.publishing.service.gov.uk/government/uploads/system/uploads/attachment_data/file/1020402/National_AI_Strategy_-_PDF_version.pdf
Policy documents,The Pathway to Driverless Cars Summary report and action plan,2015,United Kingdom,https://assets.publishing.service.gov.uk/government/uploads/system/uploads/attachment_data/file/401562/pathway-driverless-cars-summary.pdf
Policy documents,Growing the Artificial Intelligence Industry in the UK,2019,United Kingdom,https://assets.publishing.service.gov.uk/government/uploads/system/uploads/attachment_data/file/652097/Growing_the_artificial_intelligence_industry_in_the_UK.pdf
Policy documents,Industrial Strategy Artificial Intelligence Sector Deal,2018,United Kingdom,https://assets.publishing.service.gov.uk/government/uploads/system/uploads/attachment_data/file/702810/180425_BEIS_AI_Sector_Deal__4_.pdf
Policy documents,Realising the potential of technology in education: A strategy for education providers and the technology industry,2019,United Kingdom,https://assets.publishing.service.gov.uk/government/uploads/system/uploads/attachment_data/file/791931/DfE-Education_Technology_Strategy.pdf
Policy documents,"Strategic Research, Innovation and Deployment Agenda- AI, Data and Robotics Partnership",2020,European Union,https://bdva.eu/sites/default/files/AI-Data-Robotics-Partnership-SRIDA%20V3.1.pdf
Policy documents,Ethics Commission Automated And Connected Driving,2017,Germany,https://bmdv.bund.de/SharedDocs/EN/publications/report-ethics-commission-automated-and-connected-driving.pdf?__blob=publicationFile
Policy documents,Rebooting Regulation: Exploring the Future of AI Policy in Canada,2020,Canada,https://cifar.ca/wp-content/uploads/2020/01/rebooting-regulation-exploring-the-future-of-ai-policy-in-canada.pdf
Policy documents,AICan 2019- Annual Report of the CIFAR Pan-Canadian AI Strategy,2019,Canada,https://cifar.ca/wp-content/uploads/2020/04/ai_annualreport2019_web.pdf
Policy documents,Cifar Annual Report 2018-2019,2019,Canada,https://cifar.ca/wp-content/uploads/2020/04/annualreport20182019.pdf
Policy documents,Pan-Canadian AI Strategy Impact Assessment Report,2020,Canada,https://cifar.ca/wp-content/uploads/2020/11/Pan-Canadian-AI-Strategy-Impact-Assessment-Report.pdf
Policy documents,White Paper On Artificial Intelligence - A European approach to excellence and trust,2020,European Union,https://commission.europa.eu/system/files/2020-02/commission-white-paper-artificial-intelligence-feb2020_en.pdf
Policy documents,Estimating investments in General Purpose Technologies,2020,European Union,https://core.ac.uk/download/pdf/322748045.pdf
Policy documents,Artificial Intelligence Standardization White Paper,2018,China,https://cset.georgetown.edu/wp-content/uploads/t0120_AI_standardization_white_paper_EN.pdf
Policy documents,AI Technology Roadmap,2019,Australia,https://data61.csiro.au/~/media/D61/AI-Roadmap-assets/19-00346_DATA61_REPORT_AI-Roadmap_WEB_191111.pdf?la=en&hash=58386288921D9C21EC8C4861CDFD863F1FBCD457
Policy documents,Summary of the National Defense Strategy of The United States of America,2018,United States,https://dod.defense.gov/Portals/1/Documents/pubs/2018-National-Defense-Strategy-Summary.pdf
Policy documents,AI Principles: Recommendations on the Ethical Use of Artificial Intelligence by the Department of Defense,2019,United States,https://media.defense.gov/2019/Oct/31/2002204458/-1/-1/0/DIB_AI_PRINCIPLES_PRIMARY_DOCUMENT.PDF
Policy documents,Integrated Innovation Strategy,2018,Japan,https://www8.cao.go.jp/cstp/english/doc/integrated_main.pdf
Policy documents,"Artificial Intelligence, Automation, and the Economy",2016,United States,https://obamawhitehouse.archives.gov/sites/whitehouse.gov/files/documents/Artificial-Intelligence-Automation-Economy.PDF
Policy documents,The Age of Artificial Intelligence- Towards a European Strategy for Human-Centric Machines,2018,European Union,https://op.europa.eu/en/publication-detail/-/publication/f22f6811-1007-11ea-8c1f-01aa75ed71a1/language-en
Policy documents,Initial code of conduct for data-driven health and care technology,2018,United Kingdom,https://www.gov.uk/government/publications/code-of-conduct-for-data-driven-health-and-care-technology/initial-code-of-conduct-for-data-driven-health-and-care-technology
Policy documents,US Executive Order - Maintaining American Leadership in Artificial Intelligence,2019,United States,https://www.govinfo.gov/content/pkg/FR-2019-02-14/pdf/2019-02544.pdf
Policy documents,Better Together? Franco-German Cooperation on AI,2018,Germany,https://www.hertie-school.org/fileadmin/user_upload/20181218_Dt-frz-KI_Dittrich_neu.pdf
Policy documents,Industry 4.0 Testlabs in Australia Preparing for the Future,2017,Australia,https://www.industry.gov.au/sites/default/files/July%202018/document/pdf/industry-4.0-testlabs-report.pdf
Policy documents,AUS 2030-Prosperity Through Innovation,2017,Australia,https://www.industry.gov.au/sites/default/files/May%202018/document/pdf/australia-2030-prosperity-through-innovation-full-report.pdf
Policy documents,Digital Transformation towards 2030 in Portugal,2018,Portugal,https://www.itu.int/en/ITU-D/Regional-Presence/Europe/Documents/Events/2018/WSIS/Matos%20InnovWSIS-V1.pdf
Policy documents,For A Meaningful Artificial Intelligence,2018,France,https://www.jaist.ac.jp/~bao/AI/OtherAIstrategies/MissionVillani_Report_ENG-VF.pdf
Policy documents,Designing a Winning A.I. Strategy,2017,Saudi Arabia,https://www.kineticcs.com/wp-content/uploads/2017/11/Designing-A-Winning-AI-Strategy-_Kinetic-Consulting-Services.pdf
Policy documents,Nacionalni program spodbujanja razvoja in uporabe umetne inteligence v Republiki Sloveniji do leta 2025 (NpUI),2021,Slovenia,https://www.gov.si/assets/ministrstva/MJU/DID/NpUI-SI-2025.docx
Policy documents,Governance Guidelines for Implementation of AI Principles,2021,Japan,https://www.meti.go.jp/shingikai/mono_info_service/ai_shakai_jisso/pdf/20210709_9.pdf
Policy documents,Action plan for the digital transformation of Slovakia for 2019 – 2022,2019,Slovakia,https://www.mirri.gov.sk/wp-content/uploads/2019/10/AP-DT-English-Version-FINAL.pdf
Policy documents,Digital Economy Partnership Agreement,2020,New Zealand,https://www.mti.gov.sg/-/media/MTI/Microsites/DEAs/Digital-Economy-Partnership-Agreement/Digital-Economy-Partnership-Agreement.pdf
Policy documents,Concept for the Development of Artificial Intelligence in Bulgaria until 2030,2020,Bulgaria,https://www.mtitc.government.bg/sites/default/files/conceptforthedevelopmentofaiinbulgariauntil2030.pdf
Policy documents,The Dutch Digitalisation Strategy 2021,2021,Netherlands,https://www.nederlanddigitaal.nl/binaries/nederlanddigitaal-nl/documenten/publicaties/2021/06/22/the-dutch-digitalisation-strategy-2021-eng/210621-min-ezk-digitaliseringstrategie-en-v03.pdf
Policy documents,AIRAWAT- Establishing an AI Specific Cloud Computing Intrastructure for India,2020,India,https://www.niti.gov.in/sites/default/files/2020-01/AIRAWAT_Approach_Paper.pdf
Policy documents,American Artificial Intelligence Initiative: Year One Annual Report,2020,United States,https://www.nitrd.gov/nitrdgroups/images/c/c1/American-AI-Initiative-One-Year-Annual-Report.pdf
Policy documents,Recommendations for Leveraging Cloud Computing Resources for Federally Funded Artificial Intelligence Research and Development,2020,United States,https://www.nitrd.gov/pubs/Recommendations-Cloud-AI-RD-Nov2020.pdf
Policy documents,National Robotics Initiative 3.0: Innovations in Integration of Robotics (NRI-3.0),2021,United States,https://www.nsf.gov/pubs/2021/nsf21559/nsf21559.pdf
Policy documents,Proposte per una Strategia italiana per l'intelligenza artificiale,2020,Italy,https://www.mimit.gov.it/images/stories/documenti/Proposte_per_una_Strategia_italiana_AI.pdf
Policy documents,BRAZIL 2021 - National AI strategy,2021,Brazil,https://www.gov.br/mcti/pt-br/acompanhe-o-mcti/transformacaodigital/arquivosinteligenciaartificial/ebia-portaria_mcti_4-979_2021_anexo1.pdf
Policy documents,MEXICO Consolidado Comentarios Consulta,2019,Mexico,https://www.gob.mx/cms/uploads/attachment/file/415644/Consolidado_Comentarios_Consulta_IA__1_.pdf
Policy documents,Resolution Directing Use of Compulsory Process Regarding Abuse of Intellectual Property,2021,United States,https://www.ftc.gov/system/files/attachments/press-releases/ftc-streamlines-consumer-protection-competition-investigations-eight-key-enforcement-areas-enable/omnibus_resolutions_p859900.pdf
Policy documents,Robustness and Explainability of Artificial Intelligence,2020,European Union,https://publications.jrc.ec.europa.eu/repository/bitstream/JRC119336/dpad_report.pdf
Policy documents,"AI in the UK: ready, willing and able",2018,United Kingdom,https://publications.parliament.uk/pa/ld201719/ldselect/ldai/100/100.pdf
Policy documents,AI in the UK: No Room for Complacency,2020,United Kingdom,https://publications.parliament.uk/pa/ld5801/ldselect/ldliaison/196/196.pdf
Policy documents,Developing Standards for Artificial Intelligence,2019,Australia,https://publicsectornetwork.com/wp-content/uploads/2019/11/Artificial-Intelligence-Discussion-Paper-004.pdf
Policy documents,Resource Guide on Artificial Ingelligence Strategies,2021,United Nations,https://sdgs.un.org/sites/default/files/2021-06/Resource%20Guide%20on%20AI%20Strategies_June%202021.pdf
Policy documents,Draft 2019-2020 Federal Data Strategy Action Plan,2019,United States,https://strategy.data.gov/assets/docs/draft-2019-2020-federal-data-strategy-action-plan.pdf
Policy documents,Science & Technology Highlights,2017,United States,https://trumpwhitehouse.archives.gov/wp-content/uploads/2018/03/Administration-2017-ST-Highlights.pdf
Policy documents,Towards a vibrant European Network of AI excellence centres,2020,European Union,https://umai.uma.es/shared/Commission-Presentation-H2020.pdf
Policy documents,Policy for the Development of Artificial Intelligence in Poland from 2020,2020,Poland,https://wp.oecd.ai/app/uploads/2021/12/Poland_Policy_for_Artificial_Intelligence_Development_in_Poland_from_2020_2020.pdf
Policy documents,National approach to artificial intelligence,2018,Sweden,https://wp.oecd.ai/app/uploads/2021/12/Sweden_National_Approach_to_Artificial_Intelligence_2018.pdf
Policy documents,Key points for a Federal Government Strategy on Artificial Intelligence,2018,Germany,https://www.bmwk.de/Redaktion/EN/Downloads/E/key-points-for-federal-government-strategy-on-artificial-intelligence.pdf?__blob=publicationFile&v=1
Policy documents,Strengthening international cooperation on AI,2021,United States,https://www.brookings.edu/wp-content/uploads/2021/10/Strengthening-International-Cooperation-AI_Oct21.pdf
Policy documents,Australia`s AI ethics framework- A discussion Paper,2019,Australia,https://www.csiro.au/-/media/D61/Reports/Artificial-Intelligence-ethics-framework.pdf
Policy documents,Algorithm Assessment Report,2018,New Zealand,https://www.data.govt.nz/assets/Uploads/Algorithm-Assessment-Report-Oct-2018.pdf
Policy documents,Recommendations when using supervised machine learning,2018,Denmark,https://www.dfsa.dk/-/media/Tilsyn/Recommendations_when_using_supervised_ML-pdf.pdf
Policy documents,Opportunities of Artificial Intelligence,2020,European Union,https://www.europarl.europa.eu/RegData/etudes/STUD/2020/652713/IPOL_STU(2020)652713_EN.pdf
Policy documents,Liability for Artificial Intelligence and other emerging digital technologies,2019,European Union,https://www.europarl.europa.eu/meetdocs/2014_2019/plmrep/COMMITTEES/JURI/DV/2020/01-09/AI-report_EN.pdf
Policy documents,Artificial Intelligence/Machine Learning (AI/ML)-Based Software as a Medical Device (SaMD) Action Plan,2021,United States,https://www.fda.gov/media/145022/download
Policy documents,Deciphering China’s AI Dream,2018,China,https://www.fhi.ox.ac.uk/wp-content/uploads/Deciphering_Chinas_AI-Dream.pdf
Policy documents,"Statement on Artificial Intelligence, Robotics and Autonomous Systems",2018,European Union,https://op.europa.eu/en/publication-detail/-/publication/6b1bc507-af70-11e8-99ee-01aa75ed71a1/language-en/format-PDF
Policy documents,Social Principles of Human-centric AI (Draft),2019,Japan,https://www8.cao.go.jp/cstp/stmain/aisocialprinciples.pdf
